:020000040800F2
:100000000080002041360008132200081522000855
:1000100017220008192200081B2200080000000017
:100020000000000000000000000000001D22000889
:100030001F220008000000002122000823220008DF
:1000400091360008913600082522000891360008F4
:100050009136000891360008913600089136000864
:100060009136000891360008913600089136000854
:1000700091360008913600089136000835220008B4
:100080009136000891360008913600089136000834
:100090009136000891360008913600089136000824
:1000A0009136000891360008913600089136000814
:1000B0009136000891360008913600089136000804
:1000C00091360008913600089136000891360008F4
:1000D0004522000891360008913600089136000844
:1000E0009136000891360008552200089136000824
:1000F00091360008913600089136000891360008C4
:1001000091360008913600086522000891360008F3
:1001100091360008913600089136000891360008A3
:100120009136000891360008913600089136000893
:08013000913600089136000829
:1001400010B5054C237833B9044B13B10448AFF311
:1001500000800123237010BD200200200000000059
:100160006411010808B5034B1BB103490348AFF301
:10017000008008BD00000000240200206411010876
:1001800010F8012B11F8013B012A28BF9A42F7D041
:10019000D01A7047000000000000000000000000BE
:1001A00001F0FF01102A2BDB10F0070F08D010F828
:1001B000013B013A8B422DD010F0070F42B3F6D12C
:1001C000F0B441EA012141EA014122F007047FF045
:1001D00000070023F0E80256083C85EA010586EA9C
:1001E000010685FA47F5A3FA87F586FA47F6A5FAD8
:1001F00087F68EB9EED1F0BC01F0FF0102F00702E4
:1002000032B110F8013B013A83EA010313B1F8D18E
:100210000020704701387047002D06BF354603386F
:10022000073815F0010F07D1013015F4807F02BFA8
:10023000013015F4C03F0130F0BC0138704700BFF9
:10024000034613F8012B002AFBD1181A0138704716
:1002500081F0004102E000BF83F0004330B54FEA77
:1002600041044FEA430594EA050F08BF90EA020FE4
:100270001FBF54EA000C55EA020C7FEA645C7FEA77
:10028000655C00F0E2804FEA5454D4EB5555B8BF9A
:100290006D420CDD2C4480EA020281EA030382EA0B
:1002A000000083EA010180EA020281EA0303362D9D
:1002B00088BF30BD11F0004F4FEA01314FF4801C70
:1002C0004CEA113102D0404261EB410113F0004F82
:1002D0004FEA03334CEA133302D0524263EB430339
:1002E00094EA050F00F0A780A4F10104D5F1200ED7
:1002F0000DDB02FA0EFC22FA05F2801841F1000132
:1003000003FA0EF2801843FA05F359410EE0A5F105
:1003100020050EF1200E012A03FA0EFC28BF4CF036
:10032000020C43FA05F3C01851EBE37101F00045EC
:1003300007D54FF0000EDCF1000C7EEB00006EEBF9
:100340000101B1F5801F1BD3B1F5001F0CD3490883
:100350005FEA30004FEA3C0C04F101044FEA4452DA
:1003600012F5800F80F09A80BCF1004F08BF5FEA61
:10037000500C50F1000041EB045141EA050130BD41
:100380005FEA4C0C404141EB0101013C28BFB1F553
:10039000801FE9D291F0000F04BF01460020B1FA9E
:1003A00081F308BF2033A3F10B03B3F120020CDA71
:1003B0000C3208DD02F1140CC2F10C0201FA0CF04F
:1003C00021FA02F10CE002F11402D8BFC2F1200CB4
:1003D00001FA02F120FA0CFCDCBF41EA0C0190406A
:1003E000E41AA2BF01EB0451294330BD6FEA0404B3
:1003F0001F3C1CDA0C340EDC04F11404C4F120029E
:1004000020FA04F001FA02F340EA030021FA04F3AF
:1004100045EA030130BDC4F10C04C4F1200220FA06
:1004200002F001FA04F340EA0300294630BD21FA44
:1004300004F0294630BD94F0000F83F4801306BF0A
:1004400081F480110134013D4EE77FEA645C18BFFE
:100450007FEA655C29D094EA050F08BF90EA020F95
:1004600005D054EA000C04BF1946104630BD91EA8D
:10047000030F1EBF0021002030BD5FEA545C05D190
:100480004000494128BF41F0004130BD14F58004CF
:100490003CBF01F5801130BD01F0004545F0FE4143
:1004A00041F470014FF0000030BD7FEA645C1ABF78
:1004B000194610467FEA655C1CBF0B46024650EAAF
:1004C000013406BF52EA033591EA030F41F40021DB
:1004D00030BD00BF90F0000F04BF0021704730B561
:1004E0004FF4806404F132044FF000054FF0000136
:1004F00050E700BF90F0000F04BF0021704730B5F7
:100500004FF4806404F1320410F0004548BF4042CB
:100510004FF000013EE700BF42004FEAE2014FEA20
:1005200031014FEA02701FBF12F07F4393F07F4FFB
:1005300081F06051704732F07F4208BF704793F0FE
:100540007F4F04BF41F40021704730B54FF4607411
:1005500001F0004521F000411CE700BF50EA010214
:1005600008BF704730B54FF000050AE050EA0102BD
:1005700008BF704730B511F0004502D5404261EB2D
:1005800041014FF4806404F132045FEA915C3FF46E
:10059000D8AE4FF003025FEADC0C18BF03325FEA0B
:1005A000DC0C18BF033202EBDC02C2F1200300FABC
:1005B00003FC20FA02F001FA03FE40EA0E0021FAE1
:1005C00002F11444BDE600BF70B54FF0FF0C4CF4CF
:1005D000E06C1CEA11541DBF1CEA135594EA0C0F81
:1005E00095EA0C0F00F0DEF82C4481EA030621EABC
:1005F0004C5123EA4C5350EA013518BF52EA0335F7
:1006000041F4801143F4801338D0A0FB02CE4FF0A8
:100610000005E1FB02E506F00042E0FB03E54FF0D8
:100620000006E1FB03569CF0000F18BF4EF0010ED0
:10063000A4F1FF04B6F5007F64F5407404D25FEACC
:100640004E0E6D4146EB060642EAC62141EA55517F
:100650004FEAC52040EA5E504FEACE2EB4F1FD0CC1
:1006600088BFBCF5E06F1ED8BEF1004F08BF5FEA3F
:10067000500E50F1000041EB045170BD06F00046F1
:1006800046EA010140EA020081EA0301B4EB5C049E
:10069000C2BFD4EB0C0541EA045170BD41F4801196
:1006A0004FF0000E013C00F3AB8014F1360FDEBFBB
:1006B000002001F0004170BDC4F10004203C35DA97
:1006C0000C341BDC04F11404C4F1200500FA05F31A
:1006D00020FA04F001FA05F240EA020001F00042BB
:1006E00021F0004110EBD37021FA04F642EB060131
:1006F0005EEA430E08BF20EAD37070BDC4F10C045B
:10070000C4F1200500FA04F320FA05F001FA04F21E
:1007100040EA020001F0004110EBD37041F100010A
:100720005EEA430E08BF20EAD37070BDC4F1200515
:1007300000FA05F24EEA020E20FA04F301FA05F27D
:1007400043EA020321FA04F001F0004121FA04F225
:1007500020EA020000EBD3705EEA430E08BF20EAF5
:10076000D37070BD94F0000F0FD101F0004640002F
:1007700041EB010111F4801F08BF013CF7D041EAB1
:10078000060195F0000F18BF704703F000465200B5
:1007900043EB030313F4801F08BF013DF7D043EA86
:1007A0000603704794EA0C0F0CEA135518BF95EA3C
:1007B0000C0F0CD050EA410618BF52EA4306D1D1C3
:1007C00081EA030101F000414FF0000070BD50EAE2
:1007D000410606BF1046194652EA430619D094EA6C
:1007E0000C0F02D150EA013613D195EA0C0F05D156
:1007F00052EA03361CBF104619460AD181EA0301AA
:1008000001F0004141F0FE4141F470014FF0000061
:1008100070BD41F0FE4141F4780170BD70B54FF0FC
:10082000FF0C4CF4E06C1CEA11541DBF1CEA13557C
:1008300094EA0C0F95EA0C0F00F0A7F8A4EB05045E
:1008400081EA030E52EA03354FEA013100F0888055
:100850004FEA03334FF0805545EA131343EA12631E
:100860004FEA022245EA111545EA10654FEA0026D3
:100870000EF000419D4208BF964244F1FD0404F58C
:10088000407402D25B084FEA3202B61A65EB0305E8
:100890005B084FEA32024FF480104FF4002CB6EBA5
:1008A000020E75EB030E22BFB61A754640EA0C0025
:1008B0005B084FEA3202B6EB020E75EB030E22BF65
:1008C000B61A754640EA5C005B084FEA3202B6EBA6
:1008D000020E75EB030E22BFB61A754640EA9C0065
:1008E0005B084FEA3202B6EB020E75EB030E22BF35
:1008F000B61A754640EADC0055EA060E18D04FEAF3
:10090000051545EA16754FEA06164FEAC30343EA92
:1009100052734FEAC2025FEA1C1CC0D111F4801F5F
:100920000BD141EA00014FF000004FF0004CB6E758
:1009300011F4801F04BF01430020B4F1FD0C88BFF7
:10094000BCF5E06F3FF6AFAEB5EB030C04BFB6EB02
:10095000020C5FEA500C50F1000041EB045170BDF5
:100960000EF0004E4EEA113114EB5C04C2BFD4EB22
:100970000C0541EA045170BD41F480114FF0000EA6
:10098000013C90E645EA060E8DE60CEA135594EA22
:100990000C0F08BF95EA0C0F3FF43BAF94EA0C0F25
:1009A0000AD150EA01347FF434AF95EA0C0F7FF49A
:1009B00025AF104619462CE795EA0C0F06D152EAEE
:1009C00003353FF4FDAE1046194622E750EA4106D2
:1009D00018BF52EA43067FF4C5AE50EA41047FF4E3
:1009E0000DAF52EA43057FF4EBAE12E74FF0FF3C48
:1009F00006E000BF4FF0010C02E000BF4FF0010C19
:100A00004DF804CD4FEA410C7FEA6C5C4FEA430C91
:100A100018BF7FEA6C5C1BD001B050EA410C0CBFE0
:100A200052EA430C91EA030F02BF90EA020F002042
:100A3000704710F1000F91EA030F58BF994208BFA9
:100A400090422CBFD8176FEAE37040F00100704766
:100A50004FEA410C7FEA6C5C02D150EA013C07D1BD
:100A60004FEA430C7FEA6C5CD6D152EA033CD3D008
:100A70005DF8040B704700BF8446104662468C4602
:100A80001946634600E000BF01B5FFF7B7FF002835
:100A900048BF10F1000F01BD4DF808EDFFF7F4FF5E
:100AA0000CBF012000205DF808FB00BF4DF808EDE9
:100AB000FFF7EAFF34BF012000205DF808FB00BF0C
:100AC0004DF808EDFFF7E0FF94BF012000205DF82E
:100AD00008FB00BF4DF808EDFFF7CEFF94BF0120E3
:100AE00000205DF808FB00BF4DF808EDFFF7C4FFDC
:100AF00034BF012000205DF808FB00BF4FEA410C25
:100B00007FEA6C5C02D150EA013C0AD14FEA430C07
:100B10007FEA6C5C02D152EA033C02D14FF0000044
:100B200070474FF0010070474FEA410212F5001282
:100B300015D211D56FF47873B3EB625212D94FEA24
:100B4000C12343F0004343EA505311F0004F23FA0E
:100B500002F018BF404270474FF00000704750EA63
:100B6000013005D111F0004008BF6FF00040704720
:100B70004FF00000704700BF4A0011D212F500127A
:100B800011D20DD56FF47873B3EB62520ED44FEAE5
:100B9000C12343F0004343EA505323FA02F0704765
:100BA0004FF00000704750EA013002D14FF0FF30A3
:100BB00070474FF00000704780F0004002E000BF37
:100BC00081F0004142001FBF5FEA410392EA030F38
:100BD0007FEA226C7FEA236C6AD04FEA1262D2EB82
:100BE0001363C1BFD218414048404140B8BF5B4287
:100BF000192B88BF704710F0004F40F4000020F020
:100C00007F4018BF404211F0004F41F4000121F035
:100C10007F4118BF494292EA030F3FD0A2F101027F
:100C200041FA03FC10EB0C00C3F1200301FA03F1BD
:100C300000F0004302D5494260EB4000B0F5000FE0
:100C400013D3B0F1807F06D340084FEA310102F19F
:100C50000102FE2A51D2B1F1004F40EBC25008BF51
:100C600020F0010040EA03007047490040EB00001B
:100C7000013A28BFB0F5000FEDD2B0FA80FCACF11C
:100C8000080CB2EB0C0200FA0CF0AABF00EBC25049
:100C900052421843BCBFD0401843704792F0000F37
:100CA00081F4000106BF80F400000132013BB5E78A
:100CB0004FEA41037FEA226C18BF7FEA236C21D000
:100CC00092EA030F04D092F0000F08BF0846704765
:100CD00090EA010F1CBF0020704712F07F4F04D133
:100CE000400028BF40F00040704712F100723CBF46
:100CF00000F50000704700F0004343F0FE4040F470
:100D0000000070477FEA226216BF08467FEA23632D
:100D10000146420206BF5FEA412390EA010F40F418
:100D2000800070474FF0000304E000BF10F0004364
:100D300048BF40425FEA000C08BF704743F096434B
:100D400001464FF000001CE050EA010208BF704766
:100D50004FF000030AE000BF50EA010208BF7047ED
:100D600011F0004302D5404261EB41015FEA010C02
:100D700002BF84460146002043F0B64308BFA3F1FA
:100D80008053A3F50003BCFA8CF2083AA3EBC253DC
:100D900010DB01FA02FC634400FA02FCC2F12002FB
:100DA000BCF1004F20FA02F243EB020008BF20F032
:100DB0000100704702F1200201FA02FCC2F1200298
:100DC00050EA4C0021FA02F243EB020008BF20EA8D
:100DD000DC7070474FF0FF0C1CEAD0521EBF1CEABB
:100DE000D15392EA0C0F93EA0C0F6FD01A4480EAA9
:100DF000010C400218BF5FEA41211ED04FF0006392
:100E000043EA501043EA5111A0FB01310CF00040BD
:100E1000B1F5000F3EBF490041EAD3715B0040EAE3
:100E2000010062F17F02FD2A1DD8B3F1004F40EBB3
:100E3000C25008BF20F00100704790F0000F0CF086
:100E4000004C08BF49024CEA502040EA51207F3A4A
:100E5000C2BFD2F1FF0340EAC250704740F4000025
:100E60004FF00003013A5DDC12F1190FDCBF00F016
:100E700000407047C2F10002410021FA02F1C2F1C4
:100E8000200200FA02FC5FEA310040F1000053EA60
:100E90004C0308BF20EADC70704792F0000F00F0AE
:100EA000004C02BF400010F4000F013AF9D040EAB4
:100EB0000C0093F0000F01F0004C02BF490011F448
:100EC000000F013BF9D041EA0C018FE70CEAD15346
:100ED00092EA0C0F18BF93EA0C0F0AD030F0004CC6
:100EE00018BF31F0004CD8D180EA010000F000407A
:100EF000704790F0000F17BF90F0004F084691F038
:100F0000000F91F0004F14D092EA0C0F01D1420271
:100F10000FD193EA0C0F03D14B0218BF084608D13A
:100F200080EA010000F0004040F0FE4040F4000084
:100F3000704740F0FE4040F4400070474FF0FF0C17
:100F40001CEAD0521EBF1CEAD15392EA0C0F93EA5E
:100F50000C0F69D0A2EB030280EA010C49024FEAB0
:100F6000402037D04FF0805343EA111143EA101369
:100F70000CF000408B4238BF5B0042F17D024FF421
:100F8000000C8B4224BF5B1A40EA0C00B3EB510FFC
:100F900024BFA3EB510340EA5C00B3EB910F24BFE5
:100FA000A3EB910340EA9C00B3EBD10F24BFA3EB6A
:100FB000D10340EADC001B0118BF5FEA1C1CE0D132
:100FC000FD2A3FF650AF8B4240EBC25008BF20F0E5
:100FD000010070470CF0004C4CEA50207F32C2BF39
:100FE000D2F1FF0340EAC250704740F400004FF0D6
:100FF0000003013A37E792F0000F00F0004C02BF07
:10100000400010F4000F013AF9D040EA0C0093F0D0
:10101000000F01F0004C02BF490011F4000F013B2A
:10102000F9D041EA0C0195E70CEAD15392EA0C0F92
:1010300008D142027FF47DAF93EA0C0F7FF470AFCA
:10104000084676E793EA0C0F04D14B023FF44CAF0D
:1010500008466EE730F0004C18BF31F0004CCAD1A2
:1010600030F000427FF45CAF31F000437FF43CAFDE
:101070005FE700BF4FF0FF3C06E000BF4FF0010C00
:1010800002E000BF4FF0010C4DF804CD4FEA4002E2
:101090004FEA41037FEA226C18BF7FEA236C11D02C
:1010A00001B052EA530C18BF90EA010F58BFB2EBDF
:1010B000030088BFC81738BF6FEAE17018BF40F05F
:1010C000010070477FEA226C02D15FEA402C05D113
:1010D0007FEA236CE4D15FEA412CE1D05DF8040B98
:1010E000704700BF844608466146FFE70FB5FFF72B
:1010F000C9FF002848BF10F1000F0FBD4DF808EDE3
:10110000FFF7F4FF0CBF012000205DF808FB00BFD3
:101110004DF808EDFFF7EAFF34BF012000205DF82D
:1011200008FB00BF4DF808EDFFF7E0FF94BF01207A
:1011300000205DF808FB00BF4DF808EDFFF7D2FF77
:1011400094BF012000205DF808FB00BF4DF808EDBA
:10115000FFF7C8FF34BF012000205DF808FB00BF87
:101160007BB972B90029BEBF00204FF0004106E0F4
:1011700008BF00281CBF6FF000414FF0FF3000F0A7
:10118000D3B9ADF1080C6DE904CE002909DB002BC1
:101190001ADB00F04DF8DDF804E0DDE9022304B0CD
:1011A0007047404261EB4101002B1BDB00F040F82F
:1011B000DDF804E0DDE9022304B0404261EB4101C7
:1011C000524263EB43037047524263EB430300F028
:1011D0002FF8DDF804E0DDE9022304B0404261EBC2
:1011E00041017047524263EB430300F021F8DDF800
:1011F00004E0DDE9022304B0524263EB430370478D
:1012000053B94AB9002908BF00281CBF4FF0FF316D
:101210004FF0FF3000F088B9ADF1080C6DE904CE55
:1012200000F006F8DDF804E0DDE9022304B07047C1
:101230002DE9F047089D8E4604468846002B4AD18A
:101240008A42174662D9B2FA82F64EB1C6F120033D
:1012500001FA06F820FA03F3B74043EA0808B4405D
:101260004FEA174E1FFA87FCB8FBFEF1230C0EFB6A
:10127000118843EA084301FB0CF29A4209D9FB1892
:1012800001F1FF3080F0EA809A4240F2E7800239B3
:101290003B449A1AA3B2B2FBFEF00EFB102243EAC3
:1012A000024300FB0CFC9C4509D9FB1800F1FF32FE
:1012B00080F0D6809C4540F2D3803B44023840EA1F
:1012C0000140A3EB0C0300211DB1F3400022C5E94E
:1012D0000032BDE8F0878B4205D90DB1C5E90001A8
:1012E00000210846F5E7B3FA83F1002946D173459A
:1012F00002D3824200F20581841A6EEB03020120C0
:101300009046002DE5D0C5E90048E2E7002A00F04C
:101310009080B2FA82F6002E40F0A4808A1A030C64
:101320004FEA174E80B2BCB20121B2FBFEFC0EFBAD
:101330001C2243EA024304FB0CF29A4207D9FB1831
:101340000CF1FF3802D29A4200F2E080C4469B1AA8
:10135000B3FBFEF20EFB123340EA034302FB04F43C
:101360009C4207D9FB1802F1FF3002D29C4200F2E6
:10137000CA8002461B1B42EA0C40A5E7C1F12006C9
:101380008B4022FA06F71F430EFA01F420FA06F307
:101390002EFA06FE4FEA1749234300FA01F81FFA16
:1013A00087FCBEFBF9F01C0C09FB10EE44EA0E446E
:1013B00000FB0CFEA64502FA01F209D93C1900F126
:1013C000FF3A80F09C80A64540F2998002383C4468
:1013D000A4EB0E041FFA83FEB4FBF9F309FB1344DC
:1013E0004EEA044403FB0CFCA44508D93C1903F164
:1013F000FF3E80F08280A4457FD9023B3C4443EA13
:101400000040A4EB0C04A0FB02EC64457346E146EB
:1014100062D35FD05DB1B8EB030264EB090404FA58
:1014200006F622FA01F31E43CC40C5E90064002110
:101430004FE7B1FBF2FC010C41EA0E4180B240EAF9
:1014400001423B4638463C46B846BE462026B1FBE4
:10145000F7F1A2EB080241EA0C4166E7014618E702
:1014600010462CE7C6F120022EFA02F3B740B14035
:1014700020FA02F24FEA174E0A43B3FBFEF8BCB261
:101480000EFB1833110C41EA034108FB04F9B0408C
:1014900089454FEA104380B23ED9791808F1FF3CE4
:1014A00001D289451FD8A1EB0901B1FBFEF909FB67
:1014B00004F80EFB191192B242EA0142424529D2C8
:1014C000BA1809F1FF31C4D24245C2D2A9F10201D2
:1014D0003A44BEE7F0459DD2BEEB02036CEB070C2D
:1014E0000138E14696E7A7EB09094944A8F1020C47
:1014F000B1FBFEF909FB04F8DBE773467FE75046D2
:1015000066E70846FDE63B44023A33E7ACF1020CDD
:101510003B441CE749469CE7A1EB0901C446B1FBEB
:10152000FEF909FB04F8C4E7704700BF08B513488B
:10153000134B03604FF00043436000238360C3609C
:101540000361042242610376437683760122C261FD
:1015500080F820304362836280F82C304FF4805250
:10156000026307224263826380F83C30C36403F065
:1015700051FE00B908BD00F00FFDFBE73C02002062
:101580000024014000B589B0002303930493059320
:10159000069307930268114B9A4202D009B05DF896
:1015A00004FB4FF0B0431A6E42F400721A661A6ED2
:1015B00002F400720292029ADA6C42F00202DA64D9
:1015C000DB6C03F002030193019B082303930323C5
:1015D000049303A9024804F009FFDFE70024014057
:1015E0000004004808B50268074B9A4200D008BDC5
:1015F0004FF0B042136E23F40073136608210348C2
:1016000004F0C6FFF3E700BF0024014000040048D7
:1016100030B585B004460023019302930393FFF78E
:1016200085FF164804F02EFAF8B9019400230293BE
:10163000039301A9114803F067FFC8B90F4804F0EC
:1016400025F9C0B90D4C4FF0FF31204603F0FAFEEA
:10165000204604F0F7F9204603F053FF05462046E4
:1016600004F090F9284605B030BD00F095FCDCE7A9
:1016700000F092FCE2E700F08FFCE3E73C02002080
:1016800008B50D48FFF7C4FFA0B103460B4AB2F8F6
:10169000AA004FF6FF72904207D040F6E44202FBE8
:1016A00000F0B0FBF3F080B205E00548B0FBF3F0CA
:1016B00080B200E0002008BD002000B40075FF1FCC
:1016C000D8084C0008B50248FFF7A2FF80B208BD59
:1016D0000400000810B582B0002212E0930011F857
:1016E000224000F822405C1C11F804C000F804C03D
:1016F0009C1C11F804C000F804C00333CC5CC45433
:101700000132032AEAD9042324E099001A1F10F8B1
:1017100022C09DF804408CEA040C00F823C000EBC2
:10172000820292F801C09DF805E04C1C8CEA0E0C78
:1017300000F804C092F802C09DF806E08C1C8CEA08
:101740000E0C00F804C0D2789DF8074003316240C7
:10175000425401332B2B33D85A1E10F822108DF827
:10176000041000EB820292F801E08DF805E092F897
:1017700002C08DF806C0D2788DF8072013F0030F51
:10178000C3D18DF804E08DF805C08DF806208DF8E2
:1017900007100C4C14F80EE08DF804E014F80CC09F
:1017A0008DF805C0A25C8DF80620625C8DF80720DC
:1017B0009A0805498A5C8EEA020E8DF804E0A4E7D7
:1017C00002B010BD181401080C13010830B5002434
:1017D00013E001EB840515F803C004EB800E03EB66
:1017E0008E0E12F80EE08CEA0E0C05F803C00133E1
:1017F000DBB2032BEDD90134E4B2032C01D8002372
:10180000F7E730BD0022032A1BD80023032B15D88D
:1018100010B400EB830111F802C00A4C14F80CC09C
:1018200001F802C00133DBB2032BF2D90132D2B28C
:10183000032A01D80023F7E710BC70470132D2B267
:10184000E1E7704718140108437842794270427A00
:101850004271427B427243738378827A82708372D0
:101860008379827B82718373C378C27BC270C27AB0
:10187000C273C279C272C3717047C30903EB4303D9
:1018800003EBC30383EA4000C0B270472DE9F84F71
:101890008146002531E019F825A009EB850696F868
:1018A00001B08BEA0A0096F80280F77880EA080413
:1018B0007C40FFF7E2FF60408AEA000009F825005B
:1018C0008BEA0800FFF7D9FF60408BEA000B86F82F
:1018D00001B088EA0700FFF7D0FF604088EA0008FF
:1018E00086F8028087EA0A00FFF7C7FF84EA000350
:1018F00087EA0304F4700135EDB2032DCBD9BDE8BE
:10190000F88F2DE9F04F8BB000900024A0E0009BF1
:1019100013F824B003EB840898F801A098F802901B
:1019200098F803505846FFF7A8FF0790FFF7A5FF68
:101930000190FFF7A2FF08905046FFF79EFF02902C
:10194000FFF79BFF0390FFF798FF07464846FFF716
:1019500094FF0990FFF791FF0490FFF78EFF064672
:101960002846FFF78AFF0590FFF787FF0690FFF7ED
:1019700084FFDDF81CE0019A8EEA0203DBB20899CD
:101980004B40DBB2DDF808C08CEA0A02D2B27A40E2
:10199000D2B25340049A82EA0902D2B27240D2B261
:1019A000534080EA0502D2B25340DDF800C00CF883
:1019B000243081EA0B03DAB2DDF808C0039B8CEA1D
:1019C0000303DBB27B40DBB25340DDF824C08CEA7A
:1019D0000902D2B27240D2B25340069A6A40D2B2E1
:1019E0004240D2B2534088F80130019B83EA0B0396
:1019F000DBB24B40DBB287EA0A02D2B25340049A10
:101A00008CEA0202D2B27240D2B25340059A5540DB
:101A1000EDB24540EDB26B4088F802308EEA0B0320
:101A2000DBB24B40DBB2039981EA0A02D2B25740E3
:101A3000FFB27B4086EA0906F6B273400599069A22
:101A40004A40D2B25040C0B2434088F8033001341B
:101A5000032C7FF75CAF0BB0BDE8F08F0022032AA8
:101A60001BD80023032B15D810B400EB830111F809
:101A700002C00A4C14F80CC001F802C00133DBB2FA
:101A8000032BF2D90132D2B2032A01D80023F7E79F
:101A900010BC70470132D2B2E1E770471813010859
:101AA000437B427A42734279427242784271437078
:101AB0008378827A827083728379827B8271837366
:101AC000C378C279C270C27AC271C27BC272C37358
:101AD000704770B505460E460A4601460020FFF7DE
:101AE00075FE012409E02846FFF7D0FE324629465C
:101AF0002046FFF76BFE0134E4B22846FFF782FE72
:101B00002846FFF7A1FE0A2CEDD1324629460A20CD
:101B1000FFF75CFE70BD70B505460E460A460146ED
:101B20000A20FFF753FE092404E02846FFF7E9FEE8
:101B3000013CE4B22846FFF7B3FF2846FFF78EFFCB
:101B4000324629462046FFF741FE002CEDD170BDFC
:101B500008B5FFF7BFFD08BD08B50B46014618469E
:101B6000FFF7B7FF08BD08B50B4601461846FFF75B
:101B7000D2FF08BD0346A0F12B02122A11D8DFE8DC
:101B800002F00A1010101C0E0E0E0E0E0E0E0E0E8F
:101B90000E1010100C003E2070474020704704309B
:101BA00070474138192804D9A3F16102192A01D9D3
:101BB00000207047A3F1470070473F2070470000A6
:101BC00070B584B0044600200346844602E00CF160
:101BD000010C73468C4534D203F1010E14F80C60ED
:101BE00004AD05EB830545F80C6C022BEFD1019B8E
:101BF000C3F38506284DAE5D16544FEA031E0EF062
:101C0000300E029BC3F303164EEA060E461C15F86F
:101C10000EE002F806E09B0003F03C03039EC6F3CF
:101C2000811E43EA0E0300F1020EEB5C02F80E3057
:101C300006F03F06C31CAD5DD55404304FF0000ED6
:101C4000C5E7D3B1012B1CD00199C1F38504124E15
:101C5000345D1454090101F03001029DC5F30314F1
:101C60002143441C765C1655022B0DD0831C3D216C
:101C7000D154C31C3D21D15404300023135404B06B
:101C800070BD00210291DFE7AD0005F03C05831C2B
:101C90000149495DD154ECE7000000202DE9F047EF
:101CA00084B081468846924600273C463D4609E07E
:101CB0009B01DBB2B91C13440AF80130033700263C
:101CC00001353446454528D2661C19F80500FFF752
:101CD00051FF04AB03EB840444F8100C042EEFD145
:101CE000009B9B00DBB2019AC2F301110B430AF87F
:101CF0000730029B402B0DD01201D2B2C3F38300F8
:101D0000791C02440AF80120039A402AD0D10237F4
:101D10000026D5E701370026D2E7384604B0BDE8F3
:101D2000F087000008B50848084B036000230371E2
:101D30004371436183610123036204F02FF800B90A
:101D400008BD00F029F9FBE7A002002000300240A6
:101D50000268094B9A4200D0704782B04FF0B043FE
:101D60009A6C42F480529A649B6C03F48053019302
:101D7000019B02B0704700BF0030024000B583B045
:101D80004FF0B0439A6C42F004029A649A6C02F0ED
:101D900004020192019A9A6C42F001029A649B6CCF
:101DA00003F001030093009B002202210F2003F0A7
:101DB0006FFF0F2003F07CFF03B05DF804FB000011
:101DC00070B588B000240394049405940694079495
:101DD0004FF0B043DA6C42F00102DA64DA6C02F0E0
:101DE00001020292029ADA6C42F00202DA64DA6CC0
:101DF00002F002020192019ADA6C42F00402DA6403
:101E0000DB6C03F004030093009B1B4D224643F25E
:101E10002001284604F03AFC012240F201214FF053
:101E2000904004F033FC01224FF48061284604F016
:101E30002DFC4FF4846303930126049605940694C5
:101E400003A9284604F0D2FA40F201230393049632
:101E50000594069403A94FF0904004F0C7FA4FF49C
:101E600040530393049605940323069303A928463D
:101E700004F0BCFA08B070BD0004004808B5124870
:101E8000124B0360124B4360002383600122C26047
:101E9000036143618361C361036204F021FE50B9B1
:101EA0000021094805F0BCF940B90021064805F0B9
:101EB000E5F930B908BD00F06FF8F1E700F06CF813
:101EC000F3E700F069F8F5E7C4020020005800408D
:101ED000885D80102DE9F04397B0044600211191F0
:101EE0001291139114911591382203A80DF0FCF86A
:101EF0002268274B9A4202D017B0BDE8F0838023B6
:101F000003934FF44023099303A806F013F8002825
:101F10003BD14FF0B044E36C43F00103E364E36C66
:101F200003F001030293029BE36C43F00203E364BA
:101F3000E36C03F002030193019B4FF40049CDF8D9
:101F400044904FF01208CDF84880012713970326DC
:101F500014960425159511A94FF0904004F046FA07
:101F6000CDF84490CDF8488013971496159511A993
:101F7000084804F03BFAA36D43F48003A365A36D06
:101F800003F480030093009BB6E700F005F8C0E778
:101F9000005800400004004872B6FEE710B59AB041
:101FA0004822002108A80DF09FF800240194029413
:101FB0000394049405940694079405F08BF94FF06C
:101FC000B042D2F8903023F01803C2F8903002F5F6
:101FD0008062136823F4C06343F4007313601368D2
:101FE00003F4C0630093009B2423089381230B9385
:101FF000012310931194B0231293139408A805F0B1
:1020000003FB70B94F2301930023029303930493BE
:1020100005930793022101A805F028FE18B91AB00C
:1020200010BDFFF7B9FFFFF7B7FF000010B58CB088
:102030002422002103A80DF057F82C230493112328
:1020400005930B230693062307937D23089303F040
:10205000A5F8FFF7A3FFFFF7B3FE00F0EDF901F0DD
:1020600018FBFFF763FAFFF709FFFFF75BFE0BF0C2
:1020700061F900F077FC03A80AF0C2FD019000248A
:10208000ADF8084001AB93E803000AF075FD0120AC
:10209000054B1870054B05221A7021460AF0D6FB35
:1020A00001F0FDFAFCE700BF180300204200002009
:1020B00000B58DB02C22002101A80DF015F82248A2
:1020C000224B03601F23836000230361436183610C
:1020D0004FF08042C26103624FF48073436206F0A6
:1020E0000FF920BB184806F04FFA18BB00220892DF
:1020F000029206924FF0005307934FF480730B93B4
:1021000001A9114806F064F9B8B9002208920292B8
:1021100006924FF0005307934FF480730B9301A97D
:10212000094806F055F958B90DB05DF804FBFFF702
:1021300033FFD7E7FFF730FFD8E7FFF72DFFE4E7DE
:10214000FFF72AFFF0E700BF1C0300200028004033
:1021500010B590B004463822002102A80CF0C4FF4C
:1021600022681A4B9A4201D010B010BD4FF4803350
:1021700002934FF480730F9302A805F0DBFE08BBB7
:102180004FF0B043D3F8902042F40042C3F89020BF
:102190009A6D42F480629A659B6D03F480630193AB
:1021A000019B00221146022003F072FD022003F081
:1021B0007FFD002211462A2003F06AFD2A2003F049
:1021C00077FDD1E7FFF7E8FEDAE700BF002800401F
:1021D0007047704708B502F0F7FF0120024BC3F8C3
:1021E000880005F0DBF808BD0004005808B502F0CF
:1021F000F2FF08BD08B502F0EEFF01F0E1F908BDFD
:1022000008B502F0E1FF0121002005F06BF808BDE0
:102210007047FEE7FEE7FEE7FEE7FEE77047704720
:102220007047704708B5024806F0DAF908BD00BFEC
:102230001C03002008B5024804F050F808BD00BF98
:102240001406002008B5024806F090FE08BD00BF45
:102250007406002008B5024805F0CCFF08BD00BF99
:102260001C03002008B5024806F072FC08BD00BF40
:102270005403002008B505480823036006F0E6F97A
:1022800000B908BDFFF788FEFBE700BF540300203C
:1022900000B583B04FF0B0435A6E42F001025A6667
:1022A0005B6E03F001030193019B00221146322073
:1022B00003F0EEFC322003F0FBFC03B05DF804FBFE
:1022C0000CB400B583B004AB53F8042B01930AF0AF
:1022D00057FF03B05DF804EB02B0704730B585B02E
:1022E00004460D4602A80AF069FCBDF90C300093C3
:1022F000029B054A10212046FFF7E2FF2046FDF72A
:102300009FFF288005B030BD3015010810B584B09E
:102310004FF0FF3402940193009201230A4600FA21
:1023200003F1034804F0A4FE40B204B010BD00BFA6
:10233000C402002010B584B04FF0FF340294019322
:10234000009201230A4600FA03F1034804F0BCFDA1
:1023500040B204B010BD00BFC402002008B5074B56
:1023600005221A70002101200AF070FA044B0122A4
:10237000002110460AF040F908BD00BF42000020CD
:102380003C15010810B54FF0B042936823F40043A8
:1023900093600AF0EDFC0124094B1C7000F008FE6C
:1023A0000AF0B6F807480AF0CDF802200AF0D0F893
:1023B0000AF0DEF9214620460AF0FAF910BD00BF06
:1023C00004060020DD22000808B50AF007FA08BD5F
:1023D00010B582B0FFF754F940F6B83398420DD8E3
:1023E000B0F5E16F15D3A0F5E160C0EBC01044007B
:1023F000094BA3FB0434C4F3C71400E0FE2400948B
:10240000064B0122002102200AF0F6F8204602B015
:1024100010BD0024F3E700BFB5814E1B6015010815
:1024200008B5012102200AF0ADF908BD08B5002168
:1024300002200AF0A7F908BD2DE9F84F5F4F604C64
:102440003D460FCD0FC495E8070084E807005D4CBA
:1024500007F11C050FCD0FC495E8070084E80700BD
:10246000594C07F138050FCD0FC495E8070084E8F3
:102470000700564C07F154050FCD0FC42B6823609D
:10248000534E4422002130460CF02EFE331D07F13E
:10249000680207CA83E8070000243482B4744D4BF5
:1024A000B3614D4BF361DFF83491C6F820904FF0E3
:1024B000834373624FF00208C6F83C804FF0010B73
:1024C000A6F840B0464D4422214628460CF00CFEAA
:1024D0002B1D07F1780207CA03C31A70C5F80D4017
:1024E000A5F811403F4BAB61C5F81C903E4B2B62E9
:1024F0003E4B6B62C5F83C80A5F840B0DFF8F0A019
:102500004422214650460CF0EFFD3A4BCAF8043005
:10251000CAF80840CAF80C40CAF80F40364BCAF84F
:102520001830CAF83CB0AAF840B0DFF8D080442296
:10253000214640460CF0D8FD07F1880393E80300DC
:10254000C8F8040008F1080323F8021B090C1970ED
:10255000C8F80B40C8F80F40294BC8F81830294B71
:10256000C8F81C30C8F83CB0A8F840B0DFF8989024
:102570004422214648460CF0B7FD09F10403983780
:1025800097E8030083E80300C9F80C40C9F80F403E
:102590001E4BC9F81830C9F83CB0A9F840B0084B38
:1025A000B362084AF262AB620749E962CAF82830AE
:1025B000C8F82810C9F82820BDE8F88F8011010854
:1025C00044050020280500200C050020A40300205D
:1025D000C804002000000C420000A8410000F041A7
:1025E000840400200000AA42000096420000A0419E
:1025F0004004002067617A000000FA43FC030020D9
:1026000000803B4500007A44B80300200000C84227
:102610002DE9F04105460F469046002400E00134C4
:10262000EB6BA3420FDD04F10A0355F82360394632
:10263000B01CFDF7A5FD0028F1D14246318B706931
:1026400004F024F8EBE7BDE8F08100002DE9F0414B
:1026500084B09A4D02AC20460AF0B0FA94E8030028
:1026600085E8030096490AF011FB964996480BF05D
:10267000FBFC964B1870002831D0924B93F84430F5
:10268000012B7ED013200AF07DFE914B1880914BD8
:1026900058610090904B01220021104609F0ACFFD8
:1026A000FFF710F88D4B18808D4C606100908D4BBA
:1026B00001220021104609F09FFF6069FEF736FBFA
:1026C0000546E169FEF738FD002860D0A16928467B
:1026D000FEF728FD002840F09780002358E07A4D4F
:1026E000B5F90400FDF706FF00227F4BFEF796F8D0
:1026F000FEF742FA80B2DFF8F481A8F800007C4BC4
:102700005861E868FDF7E6FE00227A4BFEF786F88E
:1027100006460F46FEF730FA84B2774B1C803046EF
:102720003946FEF701FA754B58612869FDF7D2FE6C
:102730000022704BFEF772F806460F46704DFEF70A
:102740001BFA288030463946FEF7EEF96D4B58618A
:1027500000946D4B01220021104609F04DFF2B889B
:1027600000936A4B01220021104609F045FFB8F89A
:1027700000300093664B01220021104609F03CFF17
:102780007BE750480BF0B3FA504B18707AE7002300
:10279000604A1360524AA2F840305A4B9D6958690A
:1027A000FEF7C4FA4FF001042946FEF7BBFC08B956
:1027B0004FF00004534BA3F84040414B9B68112B52
:1027C00047DC444B9D695869FEF7B0FA4FF00104AD
:1027D0002946FEF7B1FC08B94FF00004E4B24E4AB6
:1027E00014603C4AA2F84040414D6869FEF79EFAE9
:1027F0000446E969FEF7A0FC40B1A9692046FEF74E
:1028000091FCC8B9002302E00123C1E70023434A39
:102810001360374AA2F84030384D6869FEF786FAEF
:102820000446E969FEF788FC40B1A9692046FEF735
:1028300079FC60B9002302E00123E8E70023384A6D
:1028400013602E4AA2F8403004B0BDE8F0810123A5
:10285000F5E7274D6869FEF769FA0446696AFEF7ED
:102860006BFC30B1296A2046FEF75CFCB8B9002346
:1028700000E000232B4A13601D4AA2F840301F4D90
:102880006869FEF753FA0446696AFEF755FC40B1E1
:10289000296A2046FEF746FC68B9002302E00123BE
:1028A000E8E70023204A1360144AA2F840301A4B8C
:1028B00001221A60C8E70123F4E700BF9C0300204F
:1028C00078030020AC050020980500209505002025
:1028D00088050020B8030020AC15010886050020FB
:1028E000FC030020C41501080000594084050020A5
:1028F000C804002000408F408C0500208404002084
:102900008A050020400400206C1501088415010888
:1029100094150108700500206C050020800500203A
:102920007C050020780500207405002000207047F9
:1029300008B5044B1B780BB9002008BD00F00CFC57
:10294000FBE700BF0406002000B583B001900198AA
:1029500000F0E8FC03B05DF804FB08B5FFF7F4FFF6
:1029600008BD000000B583B03E4B76225A700122AC
:102970009A703D4A9A643D4ADA643D4A1A651922C2
:102980001A7106E03B4A136801331360C820FFF751
:10299000DBFF384B1B68042B06DC32480BF08AF94E
:1029A000354B18700028EDD1334B93F90030BBB193
:1029B0002C4B77225A702F4B00221A602D4B1B682C
:1029C000042B0DDC27480BF075F92C4B187038B12F
:1029D000284A136801331360C820FFF7B5FFEDE7FD
:1029E000254B93F900301BB1244B93F900305BBBAE
:1029F000234B01220021104609F0FEFD1949022354
:102A000081F83830032281F83A20042281F83920F5
:102A100081F83B30012381F83E304FF4A072A1F8D9
:102A200040209622A1F8422081F84430DF200BF0AC
:102A3000A5F9114B187070B90A490DF106000BF099
:102A4000DBFA03B05DF804FB0E4B012200211046B7
:102A500009F0D2FDFEE70C4B01220021104609F0DF
:102A6000CBFDE9E7AC0500200D2300083523000865
:102A70005B290008900500209505002094050020A2
:102A8000DC150108001601082016010870B582B097
:102A900072480AF0D7F9724C6069FEF747F9A169EC
:102AA000FEF74AFB00285ED16E4B9B68112B00F3AA
:102AB00001816D4B1B6813B16C4B1B6843BB6C4CA5
:102AC0006069FEF733F90646A169FEF735FB48B9A0
:102AD000684D6869FEF72AF90446A969FEF72CFBE0
:102AE00000287ED0624C002263492046FFF790FD0B
:102AF0000123624A5383624A13606069FEF716F944
:102B0000A169FEF719FB00285ED15E4B00221A6016
:102B1000564B1B6813B15A4B1B682BB9524B1B68A1
:102B200053B1584B1B683BB1012253495148FFF741
:102B30006FFD524B00225A834B4B1B68002B00F059
:102B40000081514C6069FEF7F1F8A169FEF7EAFADD
:102B500000287AD000224D492046FFF759FD4C4B02
:102B600001225A83EDE04B4B01220021104609F06F
:102B700043FD012240492046FFF74AFD0122434917
:102B80003B48FFF745FD012243494448FFF740FD1C
:102B900000233A4A53833E4A5383414A5383414B6D
:102BA000DB68022B40F3FA802C4C002200923E4B53
:102BB0004EF6602120460AF0E7F820460AF09CF91C
:102BC0003A4B01221A70E9E000242D4B1C600122CF
:102BD0002C4B1A602D492648FFF71AFD2C4B5C83BD
:102BE00096E7234BDD6929463046FEF79BFA30B95C
:102BF000204BD9692046FEF795FA002888D029464F
:102C00003046FEF78FFAB8B91A4C6069FEF78EF8B5
:102C1000E169FEF787FA00283FF47AAF244B1B687E
:102C2000002B3FF475AF00221B492046FFF7F0FC54
:102C30001B4B01225A836BE7002214490C48FFF713
:102C4000E7FC134B01225A83DEE701220F490E48AD
:102C5000FFF7DEFC0E4B00225A8372E06003002077
:102C60004004002078030020800500207C0500201F
:102C7000C8040020840400208016010844050020B8
:102C80006805002064050020B80300208C160108A8
:102C9000280500204016010894160108FC030020B6
:102CA0000C050020A40300205D230008600500201F
:102CB00070050020844B1B6813B1844B1B6843BB19
:102CC000834C6069FEF732F80646216AFEF734FA53
:102CD00048B9804D6869FEF729F80446296AFEF76D
:102CE0002BFA002869D07A4C00227B492046FFF756
:102CF0008FFC0123794A5383794A13606069FEF798
:102D000015F8216AFEF718FA002849D1754B002200
:102D10001A606E4B1B6813B1714B1B682BB96A4B61
:102D20001B6853B16F4B1B683BB101226A4969486C
:102D3000FFF76EFC694B00225A83634B1B68002B24
:102D40006DD1694D6869FDF7F1FF0446A969FEF789
:102D5000F3F900286CD1644BD9692046FEF7E2F9FB
:102D600000286ED14FF4FA70FFF7EEFD5F4B9B68C1
:102D7000112B00F399805E4B1B684BB15D4B1B68B8
:102D800033B15D4B1B681BB15C4B1B68002B61D1E1
:102D9000FFF75CFC0121022009F058FD02B070BD74
:102DA00000244F4B1C6001224E4B1A605449484886
:102DB000FFF72EFC534B5C83ABE7454B5D6A29461E
:102DC0003046FEF7AFF930B9424B596A2046FEF75C
:102DD000A9F900289DD029463046FEF7A3F9A8B9E5
:102DE0003C4C6069FDF7A2FF616AFEF79BF9002881
:102DF0008FD0414B1B68002B8BD0002242492046CC
:102E0000FFF706FC414B01225A8382E700223C492E
:102E10002F48FFF7FDFB3B4B01225A83E0E70122DD
:102E200037493B48FFF7F4FB364B00225A8388E7CB
:102E3000002235492846FFF7EBFB344B01225A8329
:102E400090E7012230492848FFF7E2FB2F4B002290
:102E50005A8387E70024264B1C60264B1C60264BB8
:102E60001C60264B1C601E4B1C601E4B1C601B4BC9
:102E70005C83244B5C83254B5C83012216492548E7
:102E8000FFF7C6FB01221E491148FFF7C1FB0122D3
:102E90001D491548FFF7BCFB1F4B03221A70214642
:102EA000012009F0D3FC79E7074B1B682BB1074BD6
:102EB0001B6813B1104B1B6883BBFFF7C7FB0121D5
:102EC000022009F0C3FC69E77805002074050020A2
:102ED000C804002084040020801601084405002056
:102EE0006805002064050020FC0300207803002012
:102EF000800500207C050020700500206C05002066
:102F00008C16010828050020941601080C050020E5
:102F1000B803002040040020420000200024144B8D
:102F20001C60144B1C60144B1C60144B1C60144B35
:102F30001C60144B1C60144B5C83144B5C83144B5F
:102F40005C83012213491448FFF762FB01221349F5
:102F50001348FFF75DFB012212491348FFF758FBA6
:102F6000124B03221A702146012009F06FFC15E76D
:102F70007805002074050020700500206C050020F5
:102F80006805002064050020440500202805002075
:102F90000C05002080160108400400208C16010852
:102FA000C804002094160108FC0300204200002001
:102FB000F0B589B0224AD2F8903043F48043C2F889
:102FC000903002F00FF902F015F902F01BF900241D
:102FD0000394049405940694079401230493032313
:102FE00006934FF0B043DA6C42F00202DA64DA6C16
:102FF00002F002020292029ADA6C42F00202DA64F1
:10300000DB6C03F002030193019B4FF4805703979D
:103010000C4D03A9284603F0E9F94FF40056039636
:1030200003A9284603F0E2F922463946284603F070
:103030002DFB22463146284603F028FB09B0F0BD9F
:1030400000080058000400480120704708B50CF043
:1030500043F9162303604FF0FF3008BD08B54FF069
:10306000FF31FFF7F3FFFEE770B50C46164600256B
:1030700006E0AFF30080214601F8010B01350C4654
:10308000B542F6DB304670BD70B50C4616460025DD
:1030900004E014F8010BAFF300800135B542F8DB12
:1030A000304670BD4FF0FF3070474FF400534B6017
:1030B00000207047012070470020704710B503467C
:1030C0000C4A0D490D48006840B10C4800680344A3
:1030D000521A934206D8094A136010BD0748084C9B
:1030E0000460F2E70CF0F8F80C2303604FF0FF30B7
:1030F000F3E700BF00800020000800000806002061
:1031000008120020064B986801E0054B9868044BB4
:103110009B688342F9D1C043024B1860704700BFDF
:10312000002800400C060020014B1868704700BFC3
:103130000C060020064B986801E0054B9868044B8C
:103140009B688342F9D1C043024B1B68C01A704789
:10315000002800400C060020074B1B7853B1074B9A
:10316000986801E0054B9868044B9B688342F9D14D
:10317000C043704700207047100600200028004020
:103180000320704708B501464FF47A72002380028D
:10319000890DFEF735F808BDC20E43011B1A62F116
:1031A0000002920042EA93729B001B1842F1000059
:1031B000C00040EA5370C3F3D51343EA8050704710
:1031C00010B5074B0122DA65064C4FF4807120469A
:1031D00004F0D0FF4FF0FF332363002010BD00BF89
:1031E000002800401C03002008B5024602210248C6
:1031F00005F00BFA08BD00BF1C03002038B50F4BCB
:103200001B780BB1002038BD0D4C4FF0FF35256306
:10321000FEF74EFFFFF7D4FF4FF48071204604F015
:10322000A9FF2563204605F08FF90020FFF7DCFF9A
:10323000FFF768FF014B01221A70E3E71006002038
:103240001C03002008B502460021024805F0DDF904
:1032500008BD00BF1C03002008B50246012102483A
:1032600005F0D3F908BD00BF1C03002010B58CB0D9
:1032700004462C22002101A80BF036FFFFF7A0FF27
:103280000C4B1B681C4400230893E44302940693F0
:103290004FF0005307934FF480730B93012201A961
:1032A000054805F095F810B900200CB010BDFEF7E8
:1032B00073FEF9E70C0600201C03002008B502216C
:1032C000014805F0A9F908BD1C03002038B50546E2
:1032D0000B4B9C6801E00A4B9C68094A9268A24229
:1032E000F9D1E443FFF7EAFF2346A40A44EA8054F5
:1032F000C3F30900FFF750FF2880204638BD00BF08
:103300000028004008B50021014805F085F908BDF6
:103310001C03002008B50121014805F07DF908BD16
:103320001C03002008B5FFF72DFF0C4B996801E046
:103330000A4B9968094B9B688B42F9D109E0074B0E
:103340009B68064A92689A42F9D1CB1A984203D9EF
:1033500000BF024B9B68F4E708BD00BF0028004097
:1033600008B509F029FE08BD08B5FFF7A7FF013031
:10337000FFF73AFF08BD000008B51748174B036078
:103380004FF4E133436000238360C36003610C2288
:1033900042618361C36103624362836206F0A2FCFF
:1033A00070B900210C4806F052FE60B900210A48AD
:1033B00006F072FE50B9084806F025FE48B908BD6F
:1033C000FEF7EAFDEDE7FEF7E7FDEFE7FEF7E4FDC8
:1033D000F1E7FEF7E1FDF2E7740600200038014056
:1033E00030B597B0044600211191129113911491B8
:1033F0001591382203A80BF077FE22682D4B9A42D4
:1034000001D017B030BD0123039303F5403304937B
:1034100003A804F08FFD002843D14FF0B0431A6E8B
:1034200042F480421A661A6E02F480420292029AB4
:10343000DA6C42F00202DA64DB6C03F002030193FF
:10344000019BC0231193022312930025139503239C
:1034500014930723159311A9174802F0C7FF1748C3
:10346000174B03601223436010238360C5608023E1
:10347000036145618561C561056202F0A3FD98B9EC
:1034800010210E4802F09EFF88B90C4BE3679C6246
:1034900000220221242002F0FBFB242002F008FC81
:1034A000AFE7FEF779FDB8E7FEF776FDE8E7FEF750
:1034B00073FDEAE7003801400004004814060020CC
:1034C0005800024002680B4B9A4200D0704710B57A
:1034D00004464FF0B042136E23F480431366C021BC
:1034E000054803F055F8E06F02F0DCFD242002F0FF
:1034F000E3FB10BD003801400004004808B5074B4D
:103500001860FEF73BFCFFF737FF054AD2F8803022
:1035100043F00063C2F88030002008BD0C07002093
:103520000008005808B54FF0B0431A6C42F48042CE
:103530001A641A6C22F480421A640448FFF7C2FF2E
:103540000F2002F0B9FB002008BD00BF7406002068
:1035500008B50A460146024805F044FC002008BDB3
:103560007406002010B582B0124B18604FF400139F
:10357000009302AB13E906000F4806F0ECFC0E4B7B
:103580001B68DA6912F4803FF9D1DA6912F4800F0E
:10359000FBD09A6842F480029A60074C204606F0FD
:1035A0001BFD01220549204606F06EFC002002B0FA
:1035B00010BD00BF0807002074060020100700207F
:1035C00008B5074806F08EFB20B9064802F0FAFC61
:1035D00018B908BDFEF7E0FCF7E7FEF7DDFCF8E7F9
:1035E000740600201406002008B50268044B9A42B5
:1035F00000D008BD034B1B6800209847F9E700BFC7
:10360000003801400C07002002680A4B9A4200D0A3
:10361000704710B50446084B1B682BB1D0F89020BA
:1036200012B901210548984701220449204606F0B5
:103630002BFC10BD003801400807002010070020B7
:103640000D48854601F0A9FD0C480D490D4A00239F
:1036500002E0D458C4500433C4188C42F9D30A4A47
:103660000A4C002301E013600432A242FBD30BF0AA
:1036700039FEFEF7DBFCFEE70080002000000020A2
:1036800020020020702701082002002008120020DC
:10369000FEE708B5FEF776FE00F0FEF908BD08B5B6
:1036A0004FF0FF3009F006F908BD000008B5FDF73E
:1036B00039FB0249FDF742FC08BD00BF00007A4417
:1036C00000B585B08B1A1BB2039202910193009052
:1036D000044B01220021022008F08EFF05B05DF8A6
:1036E00004FB00BF9C1601082DE9F0439DB00F4676
:1036F00016461D4629493846FDF720FC80462946D6
:103700003046FDF767FB044601464046FDF762FB85
:1037100081460021FDF756FA80463846FCF7FCFE4C
:10372000CDE900011E4A102118A80BF0ADFB1D4F7A
:103730003046FCF7F1FECDE900013A46102114A80D
:103740000BF0A2FB2846FCF7E7FECDE900013A4664
:10375000102110A80BF098FB2046FCF7DDFECDE908
:103760000001114A10210CA80BF08EFB0F4C4846AB
:10377000FCF7D2FECDE900012246142107A80BF088
:1037800083FB4046FCF7C8FECDE900012246142128
:1037900002A80BF079FB1DB0BDE8F08300007A446D
:1037A000DC160108E4160108EC160108F4160108FD
:1037B00008B5074B01220021104608F01DFF054BFC
:1037C00002221A700021012009F040F808BD00BF54
:1037D000FC1601084200002008B5064B012200211A
:1037E000104608F009FF0120034B1870002109F072
:1037F0002DF808BD081701084200002008B5074B46
:1038000001220021104608F0F7FE054B04221A7031
:103810000021012009F01AF808BD00BF181701089F
:103820004200002038B50E4B01220021104608F05E
:10383000E3FE0C4B1B785BB10A4B00221A700A4B5B
:103840009D6A0A4C2046FCF7FBFCC1B22046A84703
:10385000074B03221A700021012008F0F7FF38BD42
:10386000281701081308002040220108140800202E
:103870004200002008B50A4B05221A7000210120E1
:1038800008F0E4FF074B01220021104608F0B4FEC7
:10389000054809F031FB054B01221A7008BD00BF35
:1038A00042000020341701086C0900209C09002008
:1038B00008B50A4B05221A700021012008F0C6FF46
:1038C000074B01220021104608F096FE054809F03A
:1038D00013FB054B01221A7008BD00BF42000020F7
:1038E00060170108840900209D090020F0B583B00D
:1038F00007460C4616461D46144B01220021104671
:1039000008F07AFE01950096114B01220021104625
:1039100008F072FE00210F4B1970FF220E480BF0C9
:10392000E3FB0E4B1C80FF2C09D90D4B1E700D4B79
:103930001D700021012008F089FF03B0F0BD224670
:10394000394605480BF0F5FCEFE700BF8817010882
:103950009417010842000020A80A0020A4090020B2
:10396000A2090020A109002070B5ADF5307D044604
:103970000E464FF40072002130A80BF0B5FB204634
:10398000FCF75EFC014630AA2046FEF787F9051ECB
:1039900030DD1D496846FEF7DBF8002405E030AB5A
:1039A00019196846FEF7DFF81034AC42F7DB681EE1
:1039B00030AB1A5C531EDBB20F2B1ED800239A4289
:1039C00008DDA0EB030C30A911F80C4094420FD194
:1039D0000133F4E701239BB1AD1A2A4630A93046E2
:1039E0000BF0A7FC0023735528460DF5307D70BD04
:1039F0000023F0E74FF0FF35F6E76FF00105F3E73E
:103A00006FF00105F0E700BF6421010870B5ADF566
:103A1000307D04460E464FF40072002130A80BF0B2
:103A200063FB2046FCF70CFC0546B0F5007F01D98E
:103A30004FF400752A46214630A80BF07AFCEAB212
:103A400005F00F03C3F11003DBB25919B1F5007F84
:103A500001D95242D3B2002403E0621930A98B5439
:103A60000134A342F9DC5C190A496846FEF770F894
:103A7000002505E030AB59196846FEF76DF81035A2
:103A8000A542F7D33246214630A8FEF799F80DF546
:103A9000307D70BD642101082DE9F0438BB0604B8F
:103AA00000221146022008F0A7FD012402940325FC
:103AB000019500945B4B00221146022008F09CFD0A
:103AC000029401950094584B00221146022008F000
:103AD00093FD564CE168564D00220092554B4EF630
:103AE000602000FB01F1284609F04EF9284609F054
:103AF00003FA2169E368994240F083804E484F4BB6
:103B000003604F4B83604F4B43604F4BC3604F4B41
:103B100003614F4E3368984773699847800D4D4F46
:103B20003860F3684C4898474C4B002211460220FD
:103B300008F062FD4A4B00221146022008F05CFDAD
:103B40007D230093474B00221146022008F054FDCC
:103B50004FF00708CDF80080434B002211460220A9
:103B600008F04AFD41F28833089300240794069434
:103B700005940125049503944FF00809CDF80890A9
:103B80000195CDF80080234622460E212846D6F81E
:103B90001CC0E04709950894079406940595049481
:103BA000039405230293CDF8049000942B464246DB
:103BB00021462846D6F818C0E047736DFF212846F5
:103BC0009847FF22214629480BF08EFA3B68009364
:103BD000274B2A462146284608F00EFD736B3868AD
:103BE00000F56A5018309847224A2146284608F0C6
:103BF000F3FE214A2146022008F0EEFE0BB0BDE89C
:103C0000F0831E4C002200921D4B4EF6602000FBFC
:103C100001F1204609F0B8F8204609F06DF96DE78A
:103C2000B8170108C8170108EC170108A403002001
:103C300084090020B1380008A80B002025380008AE
:103C4000ED380008FD370008D9370008B137000803
:103C5000402201086408002000A1BC3310180108AC
:103C600024180108381801084C180108A809002078
:103C70005C180108554600088D2A00086C090020D0
:103C8000753800082DE9F04F87B005468A4616467C
:103C90001C46DDF84490FEF74BFE8046FDF7F0FC35
:103CA0000746A8EB0600FDF73DF880463846FFF7CB
:103CB000FDFC1099FDF78EF806461C494046FDF7BD
:103CC0003DF93146FDF786F88046E41B24B20146F3
:103CD000D9F80000FCF776FFC9F800002846FCF789
:103CE000AFFA83463046FCF717FC06460F464046BF
:103CF000FCF712FC804689460494CDE90289CDE99F
:103D000000670B4AAAEB0B0105EB0B000BF0BCF8AC
:103D10000494CDE90289CDE90067064B0122002118
:103D2000104608F069FC07B0BDE8F08F00007A4447
:103D3000681801088418010810B5044603220849D0
:103D40000BF0E9F938B10322064920460BF0E3F9FC
:103D500018B9012000E0012010BD0020FCE700BFE1
:103D6000C8180108CC18010884B02DE9F04184B0CE
:103D700006460BAC84E80E00DDF84480129F9DF8E7
:103D8000403000932346104AFF210BF07DF8044693
:103D9000002511E058F82530B3F8402002925A6906
:103DA00001921A6800920433084AC4F1FF013019E5
:103DB0000BF06AF804440135BD42EBDB04B0BDE80A
:103DC000F04104B0704700BFD0180108D8180108AE
:103DD00030B593B0054613460A4611490BF08AF8F0
:103DE000104B93E8070012AB03E90700002412E030
:103DF00012AB03EB840353F80C1C0A4632F8023B67
:103E0000498B0091084902A80BF074F802A92846D2
:103E10000BF072F90134022CEADD13B030BD00BFA3
:103E2000D018010828120108E81801082DE9F04708
:103E300084B006469946DDF830A0DDF834800E9F48
:103E400000920B46184AFF210BF01EF8044600258D
:103E500011E059F82530B3F8402002925A690192D6
:103E60001A6800920433114AC4F1FF0130190BF0B3
:103E70000BF8044401355545EBDB00250FE058F8FD
:103E80002520134633F8021B528B01920091084AF9
:103E9000C4F1FF0130190AF0F7FF04440135BD42B7
:103EA000EDDB04B0BDE8F087D0180108D818010890
:103EB000E818010838B505460C461D492046FCF7B0
:103EC0005FF918B91B4B1B68AB4224D01A49204636
:103ED000FCF756F918B9194B1B68AB421DD01849AD
:103EE0002046FCF74DF918B9164B1B68AB4216D0AB
:103EF00015492046FCF744F918B9144B1B68AB422E
:103F00000FD013492046FCF73BF960B9114B1B68F1
:103F1000AB420AD038BD0748FCE70848FAE7094831
:103F2000F8E70A48F6E70020F4E70A48F2E700BF9E
:103F3000CC040020C8040020880400208404002051
:103F4000440400204004002000040020FC03002062
:103F5000BC030020B803002038B505460C461249C2
:103F60002046FCF70DF918B9104B1B88AB4212D054
:103F70000F492046FCF704F918B90E4B1B88AB42D9
:103F80000BD00D492046FCF7FBF840B90B4B1B88C2
:103F9000AB4206D038BD0548FCE70648FAE70020EA
:103FA000F8E70648F6E700BF460500204405002074
:103FB0002A050020280500200E0500200C05002001
:103FC00010B586B004460A46044901A80AF092FFDB
:103FD00001A920460BF090F806B010BDF4180108B6
:103FE0002DE9F04FB1B00146642217A80BF0A5F8F7
:103FF00000238DF8BF30AE4917A80BF0C7F8002892
:104000003AD00146042216A80BF097F800208DF84C
:104010005B00A7490BF0BAF870B3A649FCF7B0F8FB
:1040200020BBA54B05221A700021012008F00EFCD0
:10403000A24916A8FCF7A4F808B3A14916A8FCF7F2
:104040009FF8002800F084809E4916A8FCF798F895
:10405000002800F09C809C4916A8FCF791F80028E5
:1040600040F0FD80994B01221A7005E0984B012227
:104070000021104608F0C0FA31B0BDE8F08F8C493D
:104080000BF084F818B10AF03FF88A4BD8608849E1
:1040900000200BF07BF818B10AF036F8854B186158
:1040A000844C23690193E36800938A4B0122002129
:1040B000104608F0A1FA2346874AFF2187480AF0F4
:1040C000E3FE2269E3689A4238D0854D284608F01D
:1040D000B9FE784E316900240094824B22464EF698
:1040E000602000FB01F1284608F04EFE284608F04B
:1040F00003FF336900937C4B01222146104608F0F0
:104100007BFA7A4D284608F09DFE6A4EF16800243D
:104110000094774B22464EF6602000FB01F12846C2
:1041200008F032FE284608F0E7FEF3680093714B72
:1041300001222146104608F05FFA9DE7684808F022
:1041400081FE6D4B01220021104608F055FAD8E798
:1041500057490BF01BF898B10A2200210AF0CAF85F
:104160000C900024ADF834400CAB93E8030008F049
:1041700003FD624B01222146104608F03DFA7BE721
:104180005F4B01220021104608F036FA74E7484CD4
:1041900021460AF0FBFF0546214600200AF0F6FF03
:1041A00009F0B2FF0646214600200AF0EFFF09F0B1
:1041B000ABFF8046214600200AF0E8FF09F0A4FF8B
:1041C0000746214600200AF0E1FF09F09DFF8146E5
:1041D000214600200AF0DAFF09F096FF82462946C0
:1041E0003046FFF767FE044648B34046FCF79EFDA5
:1041F000A0613846FCF79AFDE06142492846FBF78A
:10420000BFFF20B140492846FBF7BAFF38B94846FE
:10421000FCF78CFD20625046FCF788FD6062043498
:1042200000943A4B01220021104608F0E5F9009471
:10423000204B374AFF2129480AF026FE1CE700954B
:10424000344B01220021104608F0D6F904340094C2
:10425000184B314AFF2121480AF016FE0CE72F497E
:1042600016A8FBF78DFF00285CD02D4916A8FBF798
:1042700087FF0590002840F085810D490AF086FFF0
:10428000834600283FF4F8AE094900200AF07EFF7B
:1042900000283FF4F1AE09F037FF05465946FFF715
:1042A0005BFE0446002800F09380059EDAE000BF24
:1042B000FC180108A4030020420000203419010862
:1042C000EC190108381A0108C81A01089F090020D2
:1042D000001901083819010860190108A80900200F
:1042E0006C09002075380008A41901088409002011
:1042F000B1380008C81901087C190108F019010833
:10430000081A01083C1A0108481A0108541A010841
:10431000701A0108901A0108AC1A0108CC1A010899
:10432000481B01089F490AF031FF054600283FF469
:10433000A3AE9C4900200AF029FF00283FF49CAE60
:1043400009F0E2FE0446974900200AF01FFF00280A
:104350003FF492AE09F0D8FE934B01221A70294621
:10436000FFF7FAFD064658B34483054635F8023B8D
:104370000293A3B2019300958C4B8D4AFF218D4887
:104380000AF082FD884B01221A7094420CD001225F
:10439000318B706902F07AF90095874B0122002178
:1043A000104608F029F967E60095844B0021104675
:1043B00008F022F90022318B706902F067F95BE6A0
:1043C00000957F4B01220021104608F015F953E6B5
:1043D0000195CDF800B07B4B01220021104608F07A
:1043E0000BF9CDF800B0714B774AFF2171480AF004
:1043F0004BFD41E6CDF80480CDF80090734B0122CF
:104400000021104608F0F8F8CDF80090674B704A8C
:10441000FF2168480AF038FD24E00135FB6BAB4210
:1044200018DD05F10A0357F82300028823889A4211
:10443000F3D1A11C0230FBF7A3FE0028EDD1CDF88B
:104440000480CDF80090634B01220021104608F053
:10445000D3F801E0042B1BDD30AB03EB860343F8FC
:10446000907C01364F4900200AF090FE814610B33F
:104470004C4900200AF08AFEE8B109F045FE80466A
:104480004946FFF717FD07460028B3D0059DC5E74D
:104490005A1CFA630A3347F82340A31C3A4652F8E1
:1044A000041B0291019200934B4B01220021104604
:1044B00008F0A2F8D0E707AD484F0FCF0FC53B6813
:1044C0002B60DDF8149017E00137BE4210DD2A683A
:1044D00030AB03EB870353F8901C0B689A42F3D17F
:1044E0000431281DFBF74CFE0028EDD1012300E02C
:1044F00000235BB109F10109B9F1040F39D830ABE0
:1045000003EB890353F8A45C059FDEE7059F1BE0DE
:1045100007F10B0355F8232007F10A0345F8232080
:10452000013708F1FF33BB42F2DCEB6355F8043B83
:1045300002930195CDF800A0294B012200211046DD
:1045400008F05AF8D6E70137D5F83C80B845D1DDF8
:1045500007F10A0355F82300028823889A42F2D112
:1045600004F1020A51460230FBF70AFE0028EAD1A4
:10457000D7E7CDF800B00D4B1A4AFF210D480AF0DD
:1045800083FC79E516AB0093174B012200211046FE
:1045900008F032F8054B154AFF2106480AF074FC72
:1045A0006AE500BFFC1801089E090020A403002052
:1045B000D01A0108A8090020001B0108E01A010810
:1045C0001C1B01084C1B0108701B0108901B0108F3
:1045D000B01B0108CC1B0108F01B010834120108B4
:1045E0001C1C0108481C01086C1C01088C1C0108DB
:1045F00070B584B00546144E3046FBF721FE0446E4
:1046000002463146284601F009FC03460F4A0921BB
:1046100001A80AF039FC04F10A03FE2B0DD804F1BD
:1046200008023B21B154A51901AA03CA305169609F
:1046300009340022325504B070BD054B012200211F
:10464000104607F0D9FFF6E7A8090020A41C0108CE
:10465000AC1C01082DE9F04FADF22C5D424BDB6A3A
:104660009847424B1B78052B00F26082DFE813F07D
:10467000060085048B047104A50463013A4BDB6DCD
:104680009847C830FEF760F9394B1B88394D002434
:10469000EC540093384B01222146104607F0ACFF42
:1046A0000095364B01222146104607F0A5FF4FF436
:1046B000807221464AA80AF017FD4AA92846FFF74A
:1046C00053F9A04245DD2B4CFE224AA920460AF0B0
:1046D00034FD002184F8FE100094294B012210467D
:1046E00007F08AFF2046FBF7ABFD18B1431EE25CE2
:1046F0003B2A35D01F4F3B2138460AF031FD054695
:104700000024079408948DF824400822411C07A82F
:104710000AF013FD1022214607A809F0EBFD06461A
:104720006C703846FBF78CFD0246164801688B68B2
:1047300043F001038B60394601F070FB864227D0BD
:1047400001960090104B01222146104607F054FFBD
:10475000ECE10E4B01222146104607F04DFFE5E14A
:104760000021E154C6E700BF4022010842000020BA
:10477000A4090020A80A0020D41C0108EC1C010890
:104780002C1D0108A0020020481D0108081D010879
:104790000090B94B01220021104607F02DFF0322A3
:1047A000B649B7480AF0B7FC002800F0C381B54B02
:1047B0001B783BB10422B449B1480AF0ACFC002894
:1047C00000F0C181FF22AE490AA80AF0B6FC00241D
:1047D0008DF82641AD4D29460AA80AF0D7FC294696
:1047E00020460AF0D3FC0346002800F09F81A84C25
:1047F000A84AFF2120460AF047FBFEF799F8014638
:104800002046FFF7DDFBDFF890924846FFF7F0FE09
:104810004FF4807200218AA80AF066FC8AA920461B
:10482000FFF7F4F8FE228AA920460AF086FC00254C
:1048300084F8FE500094994B01222946104607F057
:10484000DBFE974FBE6A2046FBF7FAFCC1B220465A
:10485000B047FF228A4993480AF06FFC0126894B32
:104860001E707B6B43F698209847FEF761F804466C
:10487000FCF706FF80468C4B1868201AFCF752FAAA
:1048800004464046FEF712FF0746DFF820A2DFF895
:1048900020B25346024621465846FEF725FF4246BF
:1048A000844B19885846FEF70BFF51463846FCF7F3
:1048B00091FA074680492046FCF740FB01463846FE
:1048C000FCF788FADFF8F481FBF726FECDE9040156
:1048D0003846FBF721FECDE902012046FBF71CFE1E
:1048E000CDE90001764AFF2140460AF0CDFAFEF7F5
:1048F0001FF801464046FFF763FB4846FFF778FE86
:104900004FF400722946CAA80AF0EEFBCAA9404635
:10491000FFF77CF86B4C3F22CAA920460AF00DFC39
:1049200084F83F500094684B32462946304607F0E1
:1049300063FE664B1E70FDF7FBFF654B1860FCF7CE
:104940009FFE644B1880FF2200214D480AF0CCFBEB
:1049500007A808F033F9079D8AA9284608F096F9B8
:104960008A9B02938B9B01938C9B00935A4B012251
:104970000021104607F040FE584B1B78002B40F0FA
:104980002981574B93F900301BB9564B1B78002BEC
:104990006BD0FDF71DFD544B1870FDF757FE01213C
:1049A000022007F053FF00214D4B19704D4B197039
:1049B0004E4B0122104607F01FFE4D4BDA681B6973
:1049C0009A4200F051814AAF3C464A4E0FCE0FC486
:1049D00033682360464B2E4C052204920397424ACB
:1049E0001278029203F10C0292E803008DE80300B2
:1049F0000ECB2046FFF7B8F929462046FFF7E0FA2C
:104A00003D4B01933D4B0093324B1B88304A12685B
:104A1000FF212046FFF736F91F48FFF7E9FD009414
:104A2000374B01220021104607F0E6FD80220021CD
:104A3000CAA80AF059FBCAA92046FEF7E7FFFE22E2
:104A4000CAA920460AF079FB002184F8FE100094E0
:104A50002C4B0122104607F0CFFD114B9E6A2046D9
:104A6000FBF7EEFBC1B22046B047274B1B78002B6B
:104A700040F04E814AE000BF741D0108881D010806
:104A8000A80A0020690800208C1D0108FC180108F4
:104A9000A8090020F01D0108A0020020FC1D01084B
:104AA000402201086C080020580800205839B43B07
:104AB000181E01085408002000007A441407002042
:104AC0001C1E0108140800203C1E010813080020C9
:104AD0005C080020560800205C1E01081803002016
:104AE0009D09002060050020A0090020001F01088A
:104AF000A4030020341201086008002031082C3D76
:104B00009C1E0108681F01089C090020A44B1B780B
:104B1000002B40F07F81A34B1B78002B40F0DA8103
:104B2000A14BDB6D9847C830FDF70EFF0DF22C5DF1
:104B3000BDE8F08F9D48FFF753FA9B4B5B6B43F644
:104B400098209847F2E70120994B18700021994B63
:104B50001970994B024607F04FFD984C2046FFF71D
:104B60003FFA2046FFF7E8F80446954D954B964AE4
:104B7000FF2128460AF088F9FDF7DAFE01462846AB
:104B8000FFF71EFA9148FFF733FD84B18C4C009477
:104B90008F4B01220021104607F02EFD824B9D6AAB
:104BA0002046FBF74DFBC1B22046A847BEE74FF4B5
:104BB00000720021CAA80AF097FACAA92846FEF78F
:104BC00025FFFE22CAA928460AF0B7FA002385F875
:104BD000FE30DBE700267F4B1E70794C01957E4B43
:104BE0001B780093774B7D4AFF2120460AF04CF951
:104BF0007B4B01937B4B00937B4B1B887B4A12685A
:104C0000FF212046FFF73EF87048FFF7F1FC0094C3
:104C1000774B01223146104607F0EEFC80223146E8
:104C2000CAA80AF061FACAA92046FEF7EFFEFE22E2
:104C3000CAA920460AF081FA84F8FE606D4B012271
:104C40003146104607F0D8FC00946B4B01223146E8
:104C5000104607F0D1FC544B9E6A2046FBF7F0FA51
:104C6000C1B22046B0478CE60AAF644C94E8070016
:104C700087E807004AAE0C340FCC0FC623683360B8
:104C80004F4C032302930197052300934AAB5C4AE0
:104C900012784C492046FFF7C9F829462046FFF70D
:104CA0008FF94F4B01934F4B00934F4B1B884F4A4B
:104CB0001268FF212046FEF7E5FF4448FFF798FC05
:104CC0000094504B01220021104607F095FC4FF450
:104CD00080720021CAA80AF007FACAA92046FEF786
:104CE00095FEFE22CAA920460AF027FA002184F880
:104CF000FE100094444B0122104607F07DFC2A4B25
:104D00009E6A2046FBF79CFAC1B22046B047ACE64B
:104D1000FDF75EFB02463A4B1870294C29492046A4
:104D2000FFF756F829462046FFF74AF92C4B019326
:104D30002C4B00932C4B1B882C4A1268FF212046D9
:104D4000FEF7A0FF00942A4B01220021104607F035
:104D500053FC1E48FFF74CFC80220021CAA80AF031
:104D6000C3F9CAA92046FEF751FEFE22CAA9204671
:104D70000AF0E3F9002684F8FE600094234B012238
:104D80003146104607F038FC074B9F6A2046FBF778
:104D900057FAC1B22046B8471D4B1E70B6E600BF99
:104DA0009F0900209E09002040220108A80A002037
:104DB0006808002069080020941D01086C08002084
:104DC000A8090020A4030020CC1D0108A002002097
:104DD000D41D010818030020410000208C1E01088A
:104DE0006008002031082C3D560800205C08002097
:104DF0009C1E0108C41E0108F81E010828120108A3
:104E0000A0090020141F0108401F0108681F0108A5
:104E10009C090020FDF7DCFADFF8C08188F800006B
:104E2000FDF714FC00276E4B1F700DF1280C6D4C24
:104E300094E807008CE807004AAE0C340FCC0FC68C
:104E400023683360684C03230293CDF804C0052324
:104E500000934AAB98F8002064492046FEF7E6FF2D
:104E600029462046FFF7ACF8614B0193614B009354
:104E7000614B1B88614A1268FF212046FEF702FF42
:104E80005F48FFF7B5FB00945E4B012239461046A0
:104E900007F0B2FB80223946CAA80AF025F9CAA950
:104EA0002046FEF7B3FDFE22CAA920460AF045F9C6
:104EB00084F8FE700094544B01223946104607F0E6
:104EC0009BFB524B9E6A2046FBF7BAF9C1B22046C3
:104ED000B04720E600264E4B1E70434C2946204624
:104EE000FFF76EF8424B0193424B0093424B1B88F5
:104EF000424A1268FF212046FEF7C4FE0094414B4F
:104F000001223146104607F077FB3D48FFF770FB62
:104F10004FF400723146CAA80AF0E6F8CAA9204642
:104F2000FEF774FDFE22CAA920460AF006F984F8AD
:104F3000FE600094374B01223146104607F05CFBBF
:104F4000324B9D6A2046FBF77BF9C1B22046A84749
:104F5000E6E5FDF7EDFC304B1860FCF791FB2F4BBD
:104F600018802F4B01220021104607F045FB274BEC
:104F70005B6B43F698209847D8E5244B5B6B43F670
:104F800098209847D2E5214CE36D9847254B1B6844
:104F90001844C830FDF7D8FC234B012200211046ED
:104FA00007F02AFB104B214A92E803001860998011
:104FB000A26A402118469047B8E51D4B0122002106
:104FC000104607F019FB114B9D6A074C2046FBF772
:104FD00037F9C1B22046A847A8E500BFA0090020C4
:104FE0009F09002028120108A8090020A40300201E
:104FF0006008002031082C3D560800205C08002085
:10500000A00200209C1E0108841F01084022010804
:105010009E090020B01F01085808002054080020F5
:10502000DC1F010864080020E81F01080C200108AB
:105030001420010808B500F015F808BD08B500F007
:1050400053F808BD08B500F09DF808BD08B500F09C
:105050009BF808BD08B500F099F808BD08B500F048
:1050600097F808BD2DE9F04186B000240194029420
:105070000394049405944FF0B043DA6C42F00402B8
:10508000DA64DB6C03F004030093009B10270197A4
:105090000123029303230493124D01A9284601F032
:1050A000A5F94FF02008CDF8048001A9284601F0A9
:1050B0009DF90826019601A9284601F097F9224694
:1050C0004146284601F0E2FA22463946284601F0D8
:1050D000DDFA22463146284601F0D8FA204606B0CD
:1050E000BDE8F0810008004810B5032813D8DFE8B8
:1050F00000F002142536224C00220821204601F03F
:10510000C5FA00221021204601F0C0FA0022202119
:10511000204601F0BBFA002010BD194C01220821E5
:10512000204601F0B3FA01221021204601F0AEFA28
:1051300000222021204601F0A9FAECE7104C0122C0
:105140000821204601F0A2FA01221021204601F098
:105150009DFA01222021204601F098FADBE7084C55
:1051600001220821204601F091FA00221021204658
:1051700001F08CFA01222021204601F087FACAE7CB
:105180000008004800207047012070470120704748
:1051900008B90F20704716207047704710B50320DC
:1051A00000F064FD02F020FA064B18600F20FDF7B6
:1051B000BDFB10B10124204610BD0446FDF728F8C0
:1051C000F9E700BF440000204FF0E022136923F00C
:1051D0000203136170474FF0E022136943F00203AA
:1051E00013617047024A536843F0010353607047EC
:1051F000002004E0024A536843F002035360704702
:10520000002004E0024A536843F0040353607047EF
:10521000002004E030B583B000230193002800F0A3
:1052200006810446836DBBB12268936813F0805FEA
:105230001FD1936823F0104323F0170343F08053EA
:1052400093607C4B1B689B097B4AA2FB03239B0951
:1052500001335B00019309E0FCF794F90023E36557
:1052600084F85430E0E7019B013B0193019B002B44
:10527000F9D12268936813F0805F40F09A80A36DA3
:1052800043F01003A365E36D43F00103E3650120E0
:10529000936813F0040300D00123A16D11F0100FE7
:1052A00040F0BE80002B40F0BB80A36D23F48173DF
:1052B00043F00203A365936813F0010F4FD1A36875
:1052C000217E43EA8133617E43EAC133A57E43EA0E
:1052D0004533216B09B14FF480510B43E1680B4317
:1052E0002169002967DB4FF400110B4394F82C105F
:1052F00043EA410394F8201001295FD0616A21B18B
:1053000001F4E071A56A29430B43D16821F4FE3111
:1053100021F4FF711943D160636803F04043E26CEC
:105320001A4394F83C10012955D021680D69434B6C
:105330002B4013430B616368B3F1404F0FD0B3F1BF
:10534000804F0CD0B3F1004F09D03D49D1F8082768
:1053500022F4701203F470131343C1F80837216864
:10536000636B4A6922F0070213434B612268A16B09
:10537000536923F0700343EA011353612369002B3F
:1053800033D12268936A63F00F03936223685B69E9
:1053900003F00703626B9A4239D0A36D23F0120326
:1053A00043F01003A365E36D43F00103E3650120BF
:1053B0003BE000206CE721F0004196E715B943F48B
:1053C00080339BE7A16D41F02001A165E16D41F0C3
:1053D0000101E16592E7216C0B43616C0B43A16C09
:1053E0000B431A4342F001029FE7B3F5001FCDD1F2
:1053F00021688B6AE369013B9B0003F01C036FF09B
:105400000F0202FA03F3226E13438B62BEE70023FE
:10541000E365A36D23F0030343F00103A36504E0F8
:10542000A36D43F01003A365012003B030BD01203C
:10543000FBE700BF44000020632D3E0502FCFF1F78
:1054400000200140F8B504460D464669082E05D0F7
:105450000368DB6813F0010F1ED10426FDF768FA1C
:10546000074623681A6832421CD1B5F1FF3FF8D0D5
:10547000FDF75EFAC31BAB4201D8002DF1D12368C2
:105480001B683342EDD1A36D43F00403A3650023F1
:1054900084F85430032028E0836D43F020038365B3
:1054A000012022E0A26D42F40072A265DA6812F4D3
:1054B000406F15D1A27E9AB91A6812F0080F0FD06A
:1054C0009A6812F0040F11D15A6822F00C025A6047
:1054D000A36D23F4807323F0010343F00103A3655C
:1054E000207E60B923680C221A60F8BDA36D43F0DA
:1054F0002003A365E36D43F00103E365F0E70020BB
:10550000F3E70368186C704770B483B0002201920F
:10551000046990F85420012A00F003810346012217
:1055200080F854200268906810F0040F0AD09A6D39
:1055300042F020029A650120002283F8542003B033
:1055400070BC70474868022800F09C80B4F1004F9E
:1055500027D0754DAC4224D01C6E00F01F000F25E3
:10556000854024EA05050C68C4F31106002E31D1EC
:10557000C4F3846484402C431C664C68A00801304A
:10558000DD69A84213D80D68906A04F01F040F2645
:10559000A64020EA0600C5F38365A5402843906233
:1055A00005E00C68906AC4F31104204390621C6803
:1055B0000D688A68606920EA052002EA052222F067
:1055C0007C4222F0FF02024362610A68002A09DB82
:1055D0000020B1E794FAA4F414B1B4FA84F4C9E752
:1055E0002024C7E75149D1F8080700F0E071504C7A
:1055F000A24207D04F4CA24226D04F4CA24232D0FA
:10560000002099E710F4000FF4D141F4000147485D
:10561000D0F8082722F0E0721143C0F80817474A73
:10562000126892094649A1FB02129209013202EB6B
:1056300042029200019202E0019A013A0192019A1B
:10564000002AF9D1002077E710F0807FD5D141F012
:1056500080713648D0F8082722F0E0721143C0F874
:105660000817002068E710F4800F58D141F4800239
:105670002E48D0F8081721F0E0710A43C0F8082737
:10568000002059E7B4F1004F02D02748844206D1E8
:105690000C68906AC4F3110420EA040090620A685E
:1056A000002A01DB002047E72049D1F808172048ED
:1056B000824207D01F48824213D01F4882421FD027
:1056C000002039E701F0A07100F1104000F58830AA
:1056D000D0F8082722F0E0721143C0F80817002024
:1056E0002AE701F4400200F1084000F56040D0F8DC
:1056F000081721F0E0710A43C0F8082700201BE7D3
:1057000001F0C07200F10C4000F58030D0F80817AD
:1057100021F0E0710A43C0F8082700200CE70020C0
:105720000AE702200BE700BF0400008000200140D0
:10573000001000B0004000B8002000B44400002079
:10574000632D3E0538B503689A6812F0040F2AD01D
:1057500004469A6812F0020F07D19A6822F00042BC
:1057600022F0170242F010029A60FDF7E1F80546B8
:1057700023689B6813F0040F13D0FDF7D9F8431B7F
:10578000022BF5D923689B6813F0040FF0D0A36DAA
:1057900043F01003A365E36D43F00103E3650120CB
:1057A00002E0002000E0002038BD000030B583B0EA
:1057B0000023019303689A6812F0010F5BD104463D
:1057C00099682E4A114217D19A6822F0004222F0BD
:1057D000170242F001029A60294BD3F8083713F4FC
:1057E000000F19D0274B1B689B09274AA2FB0323F4
:1057F0009B09013301930CE0836D43F01003836533
:10580000C36D43F00103C365012035E0019B013BFB
:105810000193019B002BF9D1637E012B01D1002064
:105820002AE0FDF785F8054623681A6812F0010F93
:105830001FD19A6812F0010F07D19A6822F0004236
:1058400022F0170242F001029A60FDF771F8401B46
:105850000228E9D923681B6813F0010FE4D1A36D76
:1058600043F01003A365E36D43F00103E3650120FA
:1058700002E0002000E0002003B030BD17000080EF
:105880000020014044000020632D3E0503689B6812
:1058900013F0040F28D110B5044690F85430012BB2
:1058A00024D0012380F85430FFF780FFC0B9A36DE6
:1058B00023F4706323F0010343F48073A365002392
:1058C000E36522681C21116084F8543022689368D3
:1058D00023F0004323F0170343F00403936010BD4B
:1058E000002384F85430FAE7022070470220F6E7DC
:1058F00038B504460268936813F0020300D0012310
:10590000916811F0010F39D0002B39D1936803F061
:105910000503012B09D0A36D43F01003A365E36DCC
:1059200043F00103E365012029E0936823F000437D
:1059300023F0170343F002039360236803221A60E5
:10594000FCF7F6FF054623689B6813F0010F13D0A0
:10595000FCF7EEFF401B0228F5D923689B6813F083
:10596000010FF0D0A36D43F01003A365E36D43F086
:105970000103E365012002E0002000E0002038BDC3
:105980000020FCE770B5002856D00446836D43F034
:1059900002038365FFF7D6FE064600283DD0226845
:1059A000536823F4677323F003035360236840F2C2
:1059B0009F321A602268D168204B0B40D360226866
:1059C000536923F00703536123689A6A00259D6297
:1059D0002268136A03F0F02313622268536A03F00B
:1059E000F02353622268D36A03F0F023D362226863
:1059F000136923F040431361114AD2F8083723F0AA
:105A0000FE73C2F808372046FBF7ECFD2566E56516
:105A1000A56584F85450304670BD2046FFF768FFF6
:105A2000064608B90123A3652268936823F0104352
:105A300023F017039360B2E70126ECE700023E83F0
:105A40000020014090F85430012B19D010B50446C5
:105A5000012380F85430FFF775FE18B1002384F855
:105A6000543010BD2046FFF743FF0028F6D1A36D48
:105A700023F4807323F0010343F00103A365EDE7F2
:105A800002207047F0B583B00023019390F85430A2
:105A9000012B00F094800446012380F85430FFF776
:105AA00027FF054623689A6812F0010209D0A36D0A
:105AB00043F01003A365002384F85430284603B054
:105AC000F0BDA16D21F4817141F00201A165DE6894
:105AD00026F4FF4626F07C063604360CD96821F4FD
:105AE000004121F00301D960104605E0D3F8B4303D
:105AF00003F07F0318440132072A1ED821688B68FF
:105B000023F0004323F0170343F000438B60236826
:105B100099680029EADA019B01330193019BB3F5EF
:105B20002E3FF4D3A36D23F0120343F01003A365BB
:105B3000002384F854300125C0E7B0FBF2F022685E
:105B4000936823F0004323F0170343F001039360AD
:105B50002268D2F8B43023F07F031843C2F8B400AF
:105B60002268936823F0004323F0170343F00203F5
:105B70009360FCF7DDFE074623689A6812F0010F78
:105B800009D1DA683243DA60A36D23F0030343F0EE
:105B90000103A3658FE7FCF7CBFEC31B022BEBD9F8
:105BA00023689B6813F0010FE6D0A36D43F0100348
:105BB000A365E36D43F00103E36501257EE702255C
:105BC0007CE70000002807DB00F01F0240090123EA
:105BD0009340024A42F82030704700BF00E100E0E5
:105BE00000280CDB00F01F02400901239340203005
:105BF000034A42F82030BFF34F8FBFF36F8F7047D7
:105C000000E100E0002808DB0901C9B200F16040B2
:105C100000F5614080F80013704700F00F000901A3
:105C2000C9B2014B1954704714ED00E000B500F003
:105C30000700C0F1070CBCF1040F28BF4FF0040CA3
:105C4000031D062B0FD9C31E4FF0FF3E0EFA0CF0BA
:105C500021EA000199400EFA03FE22EA0E0241EA0F
:105C600002005DF804FB0023EEE70000074AD3685A
:105C700023F4E0631B041B0C000200F4E060034308
:105C800043F0BF6343F40033D360704700ED00E09E
:105C900010B50446054BD868C0F30220FFF7C6FFD5
:105CA00001462046FFF7AEFF10BD00BF00ED00E04B
:105CB00008B5FFF787FF08BD08B5FFF791FF08BDDE
:105CC00010B54FF0000C14E011F82C4001EB8C0ED5
:105CD0009EF801301B0443EA04639EF8024043EA45
:105CE00004239EF803E043EA0E03046823600CF1EA
:105CF000010CBCEB920FE7D312F0030205D0012A8E
:105D000006D0022A09D0032A11D00368186810BDF2
:105D1000036811F82C401C70F3E711F82C4001EBDC
:105D20008C035B7843EA042304682380EBE711F8D3
:105D30002C2001EB8C014B7843EA0223026813808C
:105D400003688A781A70E0E70023B3EB520F1AD287
:105D500010B431F823C001EB8304648844EA0C4496
:105D6000D0F800C0CCF800400133B3EB520FF0D3B1
:105D700012F0010F03D0026831F82330138003685A
:105D8000186810BC704712F0010F03D0026831F898
:105D9000233013800368186870470000002838D04B
:105DA00010B50446437F1BB30223637723791BBBE3
:105DB0002368194A5A612268936823F01803936094
:105DC000637913BB23684FF0FF321A61226893682E
:105DD00023F0600361690B4393602268936823F0AA
:105DE0008003A1690B43936001236377002010BDFA
:105DF0000377FBF7ADFFD7E7E268A168204600F024
:105E000036F80028DCD00120F1E7236822691A6106
:105E1000DCE70120704700BFB71DC10410B5044680
:105E2000022343770068836843F001038360236A99
:105E3000022B18D0032B10D0012B10D000200123EF
:105E4000637710BD206851F823C0C0F800C001334B
:105E50009342F7D323681868F1E70023F8E7204658
:105E6000FFF72EFFEBE72046FFF76EFFE7E711F0A5
:105E7000010F30D010B41F231C46013B34B103F096
:105E80001F0C21FA0CFC1CF0010FF5D0182A24D8A5
:105E9000DFE802F00F232323232323231D232323BF
:105EA0002323232319232323232323230D00062B1A
:105EB00016D80368596101688B6823F018031343EF
:105EC0008B6000200AE0072BF3D9012006E00F2B9E
:105ED000EFD9012002E001207047012010BC70477B
:105EE0000120FBE710B4C46CD0F850C0C4F804C063
:105EF000446D24B1846DD0F85CC0C4F804C0446C17
:105F000004F01C0C012404FA0CF4D0F840C0CCF8C6
:105F10000440046863608368102B05D003689960AF
:105F20000368DA6010BC704703689A600368D96040
:105F3000F8E700000368144A934216D8426C22F036
:105F4000030202F1804202F502328264DBB2083BB6
:105F50000E4AA2FB03231B090D4AC26403F01F0370
:105F6000012202FA03F303657047426C22F0030139
:105F7000084A0A448264DBB2083B044AA2FB0323BA
:105F80001B090733E8E700BF07040240CDCCCCCCA7
:105F9000800802401C080240436803F07F03074A60
:105FA0001A4492004265064A8265013B03F00303EE
:105FB000012202FA03F3C365704700BF3F8200105D
:105FC0004009024000285ED010B5044603682F4AFD
:105FD000934240D82E4A1A442E49A1FB02121209BC
:105FE000920042642C4A0264022284F825201A6836
:105FF0006FF30E121A6021680A68A368E068034311
:106000002069034360690343A0690343E0690343D4
:10601000206A034313430B602046FFF78BFFA368FE
:10602000B3F5804F22D06368A26C03F07F03136046
:10603000E36C226D5A606368013B032B19D900237E
:106040006365A365E3650020E063012384F82530E0
:1060500084F8240010BD114A1A440E49A1FB021213
:106060001209920042640E4A0264BDE70023636095
:10607000D9E72046FFF790FF636D00221A60A36DF9
:10608000E26D5A60DFE70120704700BF070402405D
:10609000F8FFFDBFCDCCCCCC00000240F8FBFDBF2B
:1060A0000004024000284BD038B50446026813684B
:1060B00023F0010313600268224B9A422CD8224B32
:1060C00013442249A1FB03131B099B004364204B8B
:1060D000036400251560636C03F01C02216C01232E
:1060E00093404B602046FFF725FFA36C1D60E36CD7
:1060F000226D5A606368013B032B18D9002060654C
:10610000A065E065E06220636063A063E06384F8FB
:10611000250084F8240038BD0E4B13440B49A1FB25
:1061200003131B099B0043640B4B0364D1E7204618
:10613000FFF732FF636D1D60A36DE26D5A60DDE70E
:106140000120704707040240F8FFFDBFCDCCCCCC46
:1061500000000240F8FBFDBF0004024038B50446D1
:1061600090F82400012843D0012084F8240094F8FA
:106170002500C0B2012806D08023E363002384F801
:106180002430012038BD022084F825000020E0637F
:106190002568286820F0010028602046FFF7A2FE4D
:1061A000236BD3B12268136843F00E031360A36C12
:1061B0001A6812F4803F03D01A6842F480721A60A1
:1061C000636D1BB11A6842F480721A60226813680A
:1061D00043F0010313600020D4E72268136823F022
:1061E000040313602268136843F00A031360DEE7B8
:1061F0000220C7E70346002834D090F82520D2B209
:10620000022A06D00422C263002280F82420012042
:10621000704701680A6822F00E020A60816C0A6801
:1062200022F480720A6001680A6822F001020A60A2
:10623000426C02F01C01006C01228A404260DA6C60
:10624000196D51605A6D32B1116821F4807111607D
:106250009A6DD96D5160012283F82520002083F8C2
:10626000240070470120704708B590F82530DBB254
:10627000022B03D00423C363012008BD0268136806
:1062800023F00E0313600268136823F00103136008
:10629000826C136823F480731360436C03F01C0258
:1062A000016C012393404B60C36C026D5A60436DD7
:1062B00033B11A6822F480721A60836DC26D5A601D
:1062C000012380F82530002380F82430836B13B13C
:1062D00098470020D1E70020CFE7000038B5036CD5
:1062E000196804682568436C03F01C0304229A4073
:1062F0000A4215D015F0040F12D0236813F0200FB6
:1063000003D1236823F004032360436C03F01C02D1
:10631000016C042393404B60036B03B1984738BD75
:1063200002229A400A4228D015F0020F25D0236895
:1063300013F0200F06D1236823F00A032360012302
:1063400080F8253002681C4B9A420ED9436C03F04A
:106350001C0202239340194A5360002380F8243022
:10636000C36A002BDBD09847D9E7436C03F01C02CB
:1063700002239340124A5360EFE7082202FA03F324
:106380000B42CCD015F0080FC9D0236823F00E03C0
:106390002360436C03F01C03016C012202FA03F337
:1063A0004B60C26380F82520002380F82430436BC3
:1063B000002BB4D09847B2E78000024000040240AE
:1063C0000000024078B103681A6811F0100F04D081
:1063D00011F4801F04D042F480121A60002070472C
:1063E00022F48012F9E701207047000070B5002305
:1063F00069E085685E000324B44025EA0405CC68A2
:10640000B4402C438460456825EA0C054C68C4F30D
:1064100000149C402C43446066E0DD08083550F8C9
:10642000254003F0070C4FEA8C0C4FF00F0E0EFACC
:106430000CFE24EA0E0E0C6904FA0CF444EA0E0475
:1064400040F8254067E0022400E0002404FA0EF43E
:106450002C430CF1020C4B4D45F82C404A4C25685E
:10646000D44325EA0206D1F804C01CF4801F01D0F1
:1064700042EA0506444D2E606D6804EA0506D1F82F
:1064800004C01CF4001F01D042EA05063E4D6E60B8
:10649000D5F8805004EA0506D1F804C01CF4803F0A
:1064A00001D042EA0506384DC5F88060D5F8845021
:1064B0002C404E6816F4003F01D042EA0504324AEF
:1064C000C2F8844001330A6832FA03F458D04FF01E
:1064D000010C0CFA03FC1CEA0202F3D04C6804F035
:1064E0000304013C012C84D94C6804F00304032C00
:1064F0000CD0C4685D004FF0030C0CFA05FC24EAD4
:106500000C0C8C68AC4044EA0C04C4604C6804F089
:106510000304022C81D004684FEA430E4FF0030CB1
:106520000CFA0EFC24EA0C0C4C6804F0030404FA88
:106530000EF444EA0C0404604C6814F4403FC1D0EB
:106540004FEA930C0CF102050E4C54F8255003F061
:10655000030E4FEA8E0E072404FA0EF425EA040512
:10656000B0F1904F3FF471AF084CA04206D004F553
:106570008064A0423FF467AF072467E7012465E722
:1065800070BD00BF00000140000800580004004832
:10659000002331FA03F271D0F0B52EE0022500E0BD
:1065A000002505FA0CF5A54249D004685D004FF0BE
:1065B000030C0CFA05FC44EA0C0404604FEAD30E09
:1065C0000EF1080E50F82E4003F00706B6000F2516
:1065D000B54024EA050440F82E40846824EA0C04FF
:1065E0008460446824EA02024260C26822EA0C0223
:1065F000C260013331FA03F23FD001229A4012EA1D
:106600000107F6D09E08B51C1D4C54F8254003F038
:10661000030C4FEA8C0C4FF0070E0EFA0CFE0EEA3C
:106620000404B0F1904FBBD0164DA84205D005F53B
:106630008065A842B2D00725B3E70125B1E7124C27
:10664000D4F8805025EA0705C4F88050D4F8845067
:1066500025EA0705C4F88450256825EA0705256062
:10666000656825EA07056560054D023655F8264040
:1066700024EA0E0445F8264097E7F0BD704700BFB6
:106680000000014000040048000800580AB1816180
:1066900070478162704703689A6912F0020F01D057
:1066A00000229A6203689A6912F0010F03D19A6975
:1066B00042F001029A61704710B4019CC1F30901D4
:1066C00041EA02411943214321F000410268536825
:1066D000640D04F4806444F07F7444F4583444F44A
:1066E0007F7444F0030423EA04030B43536010BC9B
:1066F00070472DE9F041044603689E6916F01006C4
:106700007CD00D4690461022DA6100263746236879
:10671000986910F0200F30D17FBBB5F1FF3FF6D064
:10672000FCF706F9A0EB0800A84201D8002DEED135
:1067300021684B6803F4804394F84220D2B2886900
:1067400010F4004F02D00BB9202A0ED123689B69A8
:1067500013F0200FDBD1FCF7EBF8A0EB08001928B1
:10676000F4D946F020060127D1E74B6843F4804373
:106770004B60FCF7DDF88046E8E70FB92022DA61CC
:1067800046F0040601252268936913F4807F05D042
:1067900046F001064FF48071D161012513F4806F3A
:1067A00006D046F0080622684FF48061D1610125C9
:1067B00013F4007F24D046F0020623684FF40072E1
:1067C000DA6101252046FFF766FF2268536823F04F
:1067D000FF7323F48B3323F4FF7323F0010353601F
:1067E000636C33436364202384F84130002384F8CE
:1067F000423084F840302846BDE8F0810025C2E7E9
:10680000002DF8D0DEE770B504460D461646236825
:106810009B6913F0020F22D1324629462046FFF72A
:1068200068FFF0B9B5F1FF3FF1D0FCF781F8801BAC
:10683000A84201D8002DEAD123689B6913F0020F0A
:10684000E5D1636C43F020036364202384F8413076
:10685000002384F8423084F84030012000E000201A
:1068600070BD0120FCE72DE9F84305468846174630
:106870001E46DDF820902B689C6938EA04040CBFA2
:1068800001230023BB4227D14A4631462846FFF761
:1068900030FF20BBB6F1FF3FEDD0FCF749F8A0EB8D
:1068A0000900B04201D8002EE5D12B689B6938EA77
:1068B00003030CBF01230023BB42DCD16B6C43F00C
:1068C00020036B64202385F84130002385F8423093
:1068D00085F84030012000E00020BDE8F883012069
:1068E000FBE700002DE9F04182B0044690461D46CA
:1068F000089E099F194B00934FF08073EAB2FFF78F
:10690000DBFE3A4631462046FFF77DFFF8B9012D00
:106910000ED123685FFA88F29A620097334600220C
:1069200080212046FFF79FFFA8B902B0BDE8F081A3
:1069300023684FEA18229A623A4631462046FFF70A
:1069400062FF30B923685FFA88F29A62E5E70120B6
:10695000EBE70120E9E70120E7E700BF0020008026
:106960002DE9F04182B0044690461D46089E099FDD
:10697000184B00930023EAB2FFF79EFE3A463146D9
:106980002046FFF740FFF8B9012D0ED123685FFACA
:1069900088F29A6200973346002240212046FFF792
:1069A00062FFA8B902B0BDE8F08123684FEA18225F
:1069B0009A623A4631462046FFF725FF30B92368F0
:1069C0005FFA88F29A62E5E70120EBE70120E9E748
:1069D0000120E7E70020008070B504460D4616460A
:1069E00004E023689B6913F0200F12D023689B6991
:1069F00013F0200F1BD1324629462046FFF779FEBF
:106A0000B8B9FBF795FF801BA842EAD8002DEDD15D
:106A1000E7E7636C43F020036364202384F841308C
:106A2000002384F8423084F84030012000E0002048
:106A300070BD0120FCE7F8B504460E461746002558
:106A400018E000236364FBF773FFC01BB04200D85B
:106A500086B97DB923689B6913F0040F0AD1636C72
:106A600043F020036364202384F84130002384F83A
:106A70004030012523689B6913F0040F2ED16DBBB4
:106A80003A4631462046FFF734FE00B1012523681F
:106A90009A6912F0200FD6D0002DD4D19A699A6944
:106AA00012F0100FCDD01022DA6104236364236842
:106AB0002022DA6121684B6823F0FF7323F48B33C3
:106AC00023F4FF7323F001034B6084F8412000237B
:106AD00084F8423084F840300125B4E72846F8BDF8
:106AE00000285FD010B5044690F84130002B48D004
:106AF000242384F841302268136823F001031360D3
:106B00006368226823F0706313612268936823F43A
:106B100000439360E368012B38D0A368226843F4F4
:106B200004439360E368022B36D02268536823F451
:106B3000006353602268536843F0007343F40043DA
:106B400053602268D36823F40043D36023696269E9
:106B50001343A169226843EA0123D360E369216AF0
:106B600022680B4313602268136843F0010313602B
:106B700000206064202384F84130206384F84200C0
:106B800010BD80F84030FBF7A5F9B1E7A368226893
:106B900043F400439360C5E72268536843F40063FD
:106BA0005360C7E7012070472DE9F04782B00F46D8
:106BB0000A9E90F84110C9B2202940F0B7800446DF
:106BC0009046994690F84030012B00F0B3804FF08A
:106BD000010A80F840A0FBF7ABFE054600901923A0
:106BE00052464FF400412046FFF73DFE002840F09A
:106BF000A380212384F84130102384F842300023FD
:106C00006364C4F82480A4F82A906363638D9BB204
:106C1000FF2B1ED9FF2323854FF08073228DEAB10D
:106C2000226898F800109162626A01326262628D95
:106C300092B2013A92B26285228D013A92B22285D5
:106C4000013241490091D2B239462046FFF734FD66
:106C500018E0638D23854FF00073DFE73A49009118
:106C6000D2B239462046FFF727FD0BE0628D92B283
:106C70002285002300934FF00073D2B2394620469C
:106C8000FFF71AFD638D9BB2002B33D02A463146A5
:106C90002046FFF7B8FD002850D1626A23681278B9
:106CA0009A62636A01336362638D9BB2013B9BB25C
:106CB0006385238D013B9BB22385628D92B2002AAE
:106CC000E0D0002BDED10095334600228021204603
:106CD000FFF7C9FDA0BB638D9BB2FF2BC6D9FF2276
:106CE0002285002300934FF0807339462046FFF73A
:106CF000E3FCC7E72A4631462046FFF76DFE08BB96
:106D000023682022DA6121684B6823F0FF7323F4A3
:106D10008B3323F4FF7323F001034B6084F841208D
:106D2000002384F8423084F8403000E0022002B0B2
:106D3000BDE8F0870220FAE70120F8E70120F6E736
:106D40000120F4E70120F2E7002000802DE9F04760
:106D500082B00F460A9E90F84110C9B2202940F037
:106D6000A28004469046994690F84030012B00F0EE
:106D70009E804FF0010A80F840A0FBF7D9FD054640
:106D80000090192352464FF400412046FFF76BFD57
:106D9000002840F08E80222384F84130102384F8AC
:106DA000423000236364C4F82480A4F82A9063630B
:106DB000638D9BB2FF2B0AD9FF222285414B0093A2
:106DC0004FF0807339462046FFF776FC18E0628D5D
:106DD00092B222853B4B00934FF00073D2B23946FA
:106DE0002046FFF769FC0BE0628D92B222850023FA
:106DF00000934FF00073D2B239462046FFF75CFC97
:106E0000638D9BB2002B32D02A4631462046FFF7D5
:106E100012FE00284FD123685A6A636A1A70636AA7
:106E200001336362228D013A92B22285638D9BB257
:106E3000013B9BB26385638D9BB2002BE0D0002A9F
:106E4000DED10095334680212046FFF70CFDA0BB24
:106E5000638D9BB2FF2BC7D9FF22228500230093AD
:106E60004FF0807339462046FFF726FCC8E72A46D4
:106E700031462046FFF7B0FD08BB23682022DA61C7
:106E800021684B6823F0FF7323F48B3323F4FF73E3
:106E900023F001034B6084F84120002384F8423042
:106EA00084F8403000E0022002B0BDE8F087022004
:106EB000FAE70120F8E70120F6E70120F4E70120D6
:106EC000F2E700BF002400802DE9F04F83B00E46AA
:106ED000BDF834A00E9D90F84110C9B2202940F0B1
:106EE000BB800446904699460C9BCBB1BAF1000F8B
:106EF00016D090F84030012B00F0B2804FF0010B1B
:106F000080F840B0FBF714FD0746009019235A465D
:106F10004FF400412046FFF7A6FC30B101209CE071
:106F20004FF400736364012097E0212384F841301B
:106F3000402384F84230002363640C9A6262A4F810
:106F40002AA06363019700954B464246314620468E
:106F5000FFF7C8FC70B9638D9BB2FF2B0FD9FF22DE
:106F60002285002300934FF0807331462046FFF7BF
:106F7000A3FB21E0002384F8403058466DE0628D89
:106F800092B22285002300934FF00073D2B23146B3
:106F90002046FFF791FB0FE0628D92B2228500231D
:106FA00000934FF00073D2B231462046FFF784FBC6
:106FB000638D9BB2002B33D03A4629462046FFF71B
:106FC00022FC00284ED1626A236812789A62636AB2
:106FD00001336362638D9BB2013B9BB26385238D5A
:106FE000013B9BB22385628D92B2002AE0D0002B38
:106FF000DED100972B46002280212046FFF733FC8C
:1070000090BB638D9BB2FF2BC6D9FF222285002344
:1070100000934FF0807331462046FFF74DFBC7E7E2
:107020003A4629462046FFF7D7FCF8B923682022C4
:10703000DA6121684B6823F0FF7323F48B3323F468
:10704000FF7323F001034B6084F84120002384F890
:10705000423084F8403000E0022003B0BDE8F08FF9
:107060000220FAE70120F8E70120F6E70120F4E723
:107070002DE9F04F83B00E46BDF834A00E9D90F878
:107080004110C9B2202940F0BC8004469046994680
:107090000C9BCBB1BAF1000F16D090F84030012B09
:1070A00000F0B3804FF0010B80F840B0FBF740FCDC
:1070B0000746009019235A464FF400412046FFF737
:1070C000D2FB30B101209DE04FF4007363640120D6
:1070D00098E0222384F84130402384F84230002392
:1070E00063640C9A6262A4F82AA063630197009516
:1070F0004B46424631462046FFF732FC70B9638D5D
:107100009BB2FF2B0FD9FF222285444B00934FF0F7
:10711000807331462046FFF7CFFA21E0002384F840
:10712000403058466EE0628D92B222853B4B009310
:107130004FF00073D2B231462046FFF7BDFA0FE0A0
:10714000628D92B22285002300934FF00073D2B279
:1071500031462046FFF7B0FA638D9BB2002B34D046
:1071600000972B46002204212046FFF77CFB0028D5
:107170004DD123685A6A636A1A70636A0133636285
:10718000228D013A92B22285638D9BB2013B9BB264
:107190006385638D9BB2002BDED0002ADCD1009783
:1071A0002B4680212046FFF75EFB90BB638D9BB290
:1071B000FF2BC5D9FF222285002300934FF0807357
:1071C00031462046FFF778FAC6E73A462946204678
:1071D000FFF702FCF8B923682022DA6121684B68C6
:1071E00023F0FF7323F48B3323F4FF7323F00103A5
:1071F0004B6084F84120002384F8423084F840300A
:1072000000E0022003B0BDE8F08F0220FAE7012081
:10721000F8E70120F6E70120F4E700BF0024008032
:10722000034690F84120D2B2202A23D190F8402082
:10723000012A21D0012280F84020242280F8412018
:107240000068026822F0010202601868026822F4F5
:1072500080520260186802681143016019680A6868
:1072600042F001020A60202283F84120002083F8C6
:10727000400070470220704702207047034690F894
:107280004120D2B2202A21D190F84020012A1FD0DB
:10729000012280F84020242280F841200068026802
:1072A00022F0010202601868026822F4706242EA69
:1072B0000122026019680A6842F001020A60202275
:1072C00083F84120002083F8400070470220704777
:1072D00002207047024A136843F4807313607047BA
:1072E0000004005810B50C46A0B90F4B5B6913F4AD
:1072F000007F0AD10D4A136923F004031361012CA6
:1073000010D040BF20BF20BF10BD00F021F80028E2
:10731000F0D0F9E7044B5B6913F4007FEAD100F089
:107320000FF8E7E730BFEFE70004005800ED00E09A
:10733000024B186800F4C060704700BF000400589A
:10734000024A136843F480431360704700040058F6
:107350000F4A136823F4804313600E4B1B683222DC
:1073600002FB03F30C4AA2FB03239B0C00E0013B4E
:10737000074A526912F4007F01D0002BF7D1044B69
:107380005B6913F4007F01D1002070470320704730
:10739000000400584400002083DE1B430C4A13689D
:1073A00023F0070343F0020313600A4A136943F012
:1073B00004031361012808D040BF20BF20BF054A45
:1073C000136923F004031361704730BFF7E700BF70
:1073D0000004005800ED00E030B589B004468C464A
:1073E0002A4B93E803000690ADF81C1003F1080245
:1073F00092E803000490ADF8141001AD103393E847
:10740000070085E80700BCF5007F07D0002314E0E3
:1074100008AA02EB830353F81C5C1EE00023022B36
:1074200008D808AA02EB430232F8082CA242EFD295
:107430000133F4E7002510E00133022B0CD808AA31
:1074400002EB430232F8102CA242F5D308AA02EB59
:10745000830353F81C5C00E000250D4A136823F0F9
:1074600007032B431360FBF763FA0446084B1B68C2
:1074700003F00703AB4206D0FBF75AFA001B0228C1
:10748000F4D9032000E0002009B030BD4812010803
:107490000040005810B5C0F303100C4B53F82040C7
:1074A0004FF0B043D3F8083103F00F03084A52F805
:1074B0002330B4FBF3F4FFF73BFF0146054BA3FB7E
:1074C0000434A00CFFF788FF10BD00BF7421010831
:1074D000D421010883DE1B434FF0B0439968DB6879
:1074E00003F0030311F00C010AD00C2906D0042983
:1074F00047D008293BD00022104626E0012BF6D1C8
:107500004FF0B0431B6813F008030DD04FF0B043A9
:107510001B6813F0080324D14FF0B042D2F8942036
:107520002E4A52F823200EE04FF0B042126812F0BB
:10753000080F12D14FF0B043D3F89430C3F30323B4
:10754000264A52F82320D1B100204FF0B0439B6867
:1075500003F00C030C2B1AD070474FF0B0421268A6
:10756000EEE74FF0B0431B68C3F30313D8E74FF0C7
:10757000B0431A6812F4801206D11948E5E71046A4
:10758000E3E700221748E0E700221648DDE74FF066
:10759000B043DB6803F00303022B09D0032B08D1AF
:1075A0004FF0B0431B6813F4801F15D10C4A00E064
:1075B0000C4A4FF0B041CB68C3F3062303FB02F241
:1075C000CB68C3F302130133B2FBF3F2C868400F78
:1075D0000130B2FBF0F0BFE7024AEAE7742101088C
:1075E0000048E8010024F40008B5FFF775FF4FF0EC
:1075F000B0439B68C3F30313024A52F82330B0FB35
:10760000F3F008BDD4210108002800F01183F8B57B
:1076100004464FF0B0439D6805F00C05DE6806F0A7
:107620000306036813F0200F2AD0002D65D00C2D1F
:1076300061D0236A002B00F0BF804FF0B042136886
:1076400043F001031360FBF773F907464FF0B043B3
:107650001B6813F0020F00F0A7804FF0B0431A68C8
:1076600042F008021A601A6822F0F002A16A0A4386
:107670001A60616A5A6822F47F4242EA01225A6023
:10768000236813F0010F00F0B580082D00F0AE80E4
:107690000C2D00F0A8804FF0B042136823F4801343
:1076A000A1680B4313606368B3F5803F00F0C480AA
:1076B000B3F5041F00F0C5804FF0B0431A6822F400
:1076C00080321A601A6822F400121A606368002B74
:1076D00000F0C280FBF72CF907464FF0B0431B685F
:1076E00013F4003F40F08680FBF722F9C01B6428AA
:1076F000F3D90320A9E2012E9BD1236A002B00F0CD
:107700009982A06A4FF0B0431B6813F0080F29D08C
:107710004FF0B0431B6803F0F00398422AD9FFF7FB
:10772000B9FE002840F088824FF0B0431A6842F05A
:1077300008021A601A6822F0F002A16A0A431A606D
:10774000616A5A6822F47F4242EA01225A60FFF7D6
:107750004BFFBA4B1860BA4B1868FBF7E7F80028E4
:107760008ED072E24FF0B043D3F894301B0903F08F
:10777000F003D2E74FF0B0431A6842F008021A60F3
:107780001A6822F0F002A16A0A431A60616A5A6814
:1077900022F47F4242EA01225A60A06AFFF77AFE91
:1077A0000028D4D0012050E2FBF7C2F8C01B022809
:1077B0007FF64CAF032048E24FF0B042136823F04D
:1077C00001031360FBF7B4F807464FF0B0431B68A2
:1077D00013F0020F3FF454AFFBF7AAF8C01B0228C6
:1077E000F3D9032031E2032E7FF455AF6368002BF9
:1077F00000F02482236813F0020F56D0042D3DD0F0
:107800000C2D39D02369002B00F08A804FF0B04254
:10781000136843F480731360FBF78AF806464FF051
:10782000B0431B6813F4806F36D1FBF781F8801BDF
:107830000228F4D9032008E2136843F4803313606C
:1078400044E74FF0B0431A6842F400121A601A6815
:1078500042F480321A6039E7FBF76AF807464FF0C6
:10786000B0431B6813F4003FC4D0FBF761F8C01BA2
:107870006428F4D90320E8E1022EC3D12369002B48
:1078800000F0DE8161694FF0B042536823F0FE439F
:1078900043EA0163536008E061694FF0B042536806
:1078A00023F0FE4343EA01635360236813F0080F9B
:1078B0007ED0A369002B62D04FF0B043D3F8943050
:1078C000E16903F01002914211D003F00302022A91
:1078D00000F0B88113F0010F38D14FF0B042D2F868
:1078E000943023F01003E1690B43C2F894304FF059
:1078F000B042D2F8943043F00103C2F89430FBF761
:1079000017F806464FF0B043D3F8943013F0020F47
:107910004ED1FBF70DF8801B1128F3D9032094E119
:107920004FF0B042136823F480731360FBF700F844
:1079300006464FF0B0431B6813F4806FB5D0FAF7DA
:10794000F7FF801B0228F4D903207EE14FF0B042FC
:10795000D2F8943023F00103C2F89430FAF7E8FF2C
:1079600006464FF0B043D3F8943013F0020FB4D072
:10797000FAF7DEFF801B1128F3D9032065E14FF0F1
:10798000B042D2F8943023F00103C2F89430FAF7F1
:10799000CFFF06464FF0B043D3F8943013F0020FF8
:1079A00006D0FAF7C5FF801B1128F3D903204CE15C
:1079B000236813F0040F00F0B880224B1B6813F407
:1079C000807F10D1FFF786FCFAF7B2FF06461D4B09
:1079D0001B6813F4807F06D1FAF7AAFF801B0228E8
:1079E000F5D9032031E1E368002B68D0852B01D065
:1079F000052B07D14FF0B042D2F8903043F004038A
:107A0000C2F89030FAF794FF06464FF0B042D2F831
:107A1000903043F00103C2F890304FF0B043D3F8F8
:107A2000903013F0020F0FD1FAF782FF801B41F262
:107A300088339842F1D9032007E100BF44000020B9
:107A40004800002000040058E368812B01D0852BFA
:107A50001AD1FAF76DFF06464FF0B042D2F89030D7
:107A600043F08003C2F890304FF0B043D3F8903029
:107A700013F4006F59D1FAF75BFF801B41F2883392
:107A80009842F1D90320E0E0FAF752FF06464FF0A2
:107A9000B042D2F8903023F08003C2F890304FF01B
:107AA000B043D3F8903013F4006F3ED0FAF740FFA4
:107AB000801B41F288339842F1D90320C5E0FAF7E0
:107AC00037FF06464FF0B042D2F8903023F08003E3
:107AD000C2F890304FF0B043D3F8903013F4006FF9
:107AE00008D0FAF725FF801B41F288339842F1D97C
:107AF0000320AAE0FAF71CFF06464FF0B042D2F886
:107B0000903023F00103C2F890304FF0B043D3F827
:107B1000903013F0020F08D0FAF70AFF801B41F2F1
:107B200088339842F1D903208FE0E36A002B00F0FC
:107B30008B800C2D60D0022B16D04FF0B042136812
:107B400023F080731360FAF7F3FE04464FF0B0435E
:107B50001B6813F0007F48D14FF0B042D168414B11
:107B60000B40D360002070E04FF0B042136823F068
:107B700080731360FAF7DCFE05464FF0B0431B68D4
:107B800013F0007F2AD14FF0B042D3683649194034
:107B9000236B606B0343A06B43EA0023E06B03435A
:107BA000206C0343606C03431943D160136843F0B6
:107BB00080731360D36843F08053D360FAF7B8FE44
:107BC00004464FF0B0431B6813F0007F3ED1FAF734
:107BD000AFFE001B0A28F4D9032036E0FAF7A8FE0E
:107BE000401B0A28C9D903202FE0FAF7A1FE001B89
:107BF0000A28ABD9032028E0012B29D04FF0B0434D
:107C0000DB6803F00301226B914223D103F0700281
:107C1000616B8A4220D103F4FE42A16BB2EB012FCB
:107C20001CD103F06043626C934219D100200CE038
:107C300001207047012008E0012006E0012004E057
:107C4000012002E0012000E00020F8BD0020FCE758
:107C50000120FAE70120F8E70120F6E70120F4E728
:107C60000120F2E7FCFFFEEE8C80C111002800F03D
:107C7000278170B50C460546934B1B6803F007033C
:107C80008B422DD32B6813F0020F3FD12B6813F0DA
:107C9000200F53D12B6813F0400F6AD12B6813F0DB
:107CA000040F40F083802B6813F0080F40F097809A
:107CB0002B6813F0010F00F0DE806B68022B00F0E0
:107CC000A880032B00F0AD80002B40F0B2804FF075
:107CD000B042126812F0020F40F0B1800120EEE0D5
:107CE000794A136823F007030B431360FAF720FE69
:107CF0000646754B1B6803F00703A342C2D0FAF790
:107D000017FE801B0228F4D90320D8E0AB684FF09F
:107D1000B0418A6822F0F00213438B60FAF708FE44
:107D200006464FF0B0439B6813F4803FAED1FAF79C
:107D3000FFFD801B0228F4D90320C0E06B694FF0DF
:107D4000B041D1F8082122F0F0021343C1F8083104
:107D5000FAF7EEFD06464FF0B043D3F8083113F4BE
:107D6000003F97D1FAF7E4FD801B0228F3D90320E6
:107D7000A5E0A9694FF0B042D2F8083123F00F0313
:107D800043EA1113C2F80831FAF7D2FD06464FF064
:107D9000B043D3F8083113F4803F7FF47FAFFAF794
:107DA000C7FD801B0228F2D9032088E0EB684FF062
:107DB000B0418A6822F4E06213438B60FAF7B8FDA1
:107DC00006464FF0B0439B6813F4003F7FF46BAF5F
:107DD000FAF7AEFD801B0228F3D903206FE0296972
:107DE0004FF0B042936823F4605343EAC1039360B9
:107DF000FAF79EFD06464FF0B0439B6813F4802FC0
:107E00007FF456AFFAF794FD801B0228F3D90320C4
:107E100055E04FF0B042126812F4003F0FD101203C
:107E20004DE04FF0B042126812F0007F07D1012000
:107E300045E04FF0B042126812F4806F42D04FF02C
:107E4000B0418A6822F0030213438B60FAF770FD99
:107E500006464FF0B0439B6803F00C036A68B3EB2F
:107E6000820F08D0FAF764FD801B41F288339842F4
:107E7000EFD9032023E0144B1B6803F00703A34250
:107E800015D9114A136823F0070323431360FAF747
:107E90004FFD05460C4B1B6803F00703A34206D0B9
:107EA000FAF746FD401B0228F4D9032007E0FFF74C
:107EB0009BFB064B1860064B1868FAF737FD70BD40
:107EC000012070470120FAE70040005844000020DC
:107ED0004800002008B5FFF787FB4FF0B0439B68D0
:107EE000C3F30223024A52F82330D84008BD00BF32
:107EF000B421010808B5FFF777FB4FF0B0439B684A
:107F0000C3F3C223024A52F82330D84008BD00BF51
:107F1000B42101084FF0B041D1F88830020902F4D1
:107F20007F2223EA0203000100F47F200343C1F80B
:107F30008830704770B50446036813F4803F40F002
:107F4000AA800025236813F0010F0AD062684FF061
:107F5000B041D1F8883023EA124392B21343C1F8FA
:107F60008830236813F0020F0AD0A2684FF0B041A6
:107F7000D1F8883023EA124392B21343C1F8883013
:107F8000236813F0200F09D023694FF0B041D1F8D6
:107F9000882022F440621343C1F88830236813F428
:107FA000007F0CD0216A4FF0B042D2F88830080C24
:107FB000000423EA000343EA0143C2F8883023683F
:107FC00013F4806F0CD0616A4FF0B042D2F8883061
:107FD000080C000423EA000343EA0143C2F8883096
:107FE000236813F4006F0CD0A16A4FF0B042D2F8AE
:107FF0008830080C000423EA000343EA0143C2F876
:108000008830236813F0400F40F09B80236813F002
:10801000800F40F09A80236813F4807F40F09980AD
:10802000236813F0100F0ED0E3684FF0B041D1F881
:10803000882022F440721343C1F88830E368B3F516
:10804000807F00F08A80236813F4004F0FD0236BE9
:108050004FF0B041D1F8882022F040421343C1F8DC
:108060008830236B1BB9CB6843F08073CB602368E7
:1080700013F4804F0DD0E36A4FF0B041D1F888205F
:1080800022F040521343C1F88830E36AB3F1005F35
:1080900068D0284670BDFFF71DF9FAF749FC054680
:1080A000334B1B6813F4807F06D1FAF741FC401B69
:1080B0000228F5D9032500E00025002D7FF442AF0A
:1080C0004FF0B043D3F8903003F44073626B9A42A0
:1080D00016D04FF0B043D3F8901021F44070D3F88D
:1080E000902042F48032C3F89020D3F8902022F4FC
:1080F0008032C3F89020C3F8900011F0020F0DD128
:10810000002D7FF41FAF636B4FF0B041D1F890208A
:1081100022F440721343C1F8903013E7FAF708FCD9
:1081200006464FF0B043D3F8903013F0020FE7D17A
:10813000FAF7FEFB831B41F288329342F1D9032503
:10814000DEE76069FFF7E6FE60E7A069FFF7E2FEA1
:1081500061E7E069FFF7DEFE62E7CB6843F080731A
:10816000CB6070E7CB6843F48033CB6091E700BF0E
:1081700000040058034690F82C20012A35D0012233
:1081800080F82C20022280F82D20194ACA20506243
:1081900053205062B1F5807F18D0154A916921F4BF
:1081A00008519161D16C21F00041D164196B21F02B
:1081B000020119630221D1650D4AFF21516201229A
:1081C00083F82D20002083F82C007047916921F45A
:1081D00088519161516C21F000415164196B21F07B
:1081E000010119630121D165E6E70220704700BF54
:1081F0000028004038B504460D4B5D6D036B1D40F3
:1082000015F0010F06D115F0020F09D1012384F8F2
:108210002D3038BD064B0122DA65FBF7A1F8F2E7F5
:10822000034B0222DA65204600F0EEF9EEE700BFCC
:108230000028004010B50B4AD36823F02003D36018
:10824000FAF776FB0446074BDB6813F0200F07D1E3
:10825000FAF76EFB001BB0F57A7FF4D9032000E03B
:10826000002010BD0028004070B5114BDB6813F0F2
:10827000400F02D00024204670BD06460C4AD36849
:1082800043F08003D360FAF753FB05460024084B04
:10829000DB6813F0400FEED1032CECD0FAF748FB6B
:1082A000431BB3F57A7FF2D9032486F82D40EEE71D
:1082B0000028004010B50446104BDA6822F0800216
:1082C000DA609B6913F0200F06D1FFF7B3FF98B176
:1082D000032084F82D000FE0084A936923F020035F
:1082E0009361FFF7A7FF10B1032084F82D00034A24
:1082F000936943F02003936110BD00BF0028004044
:10830000002855D010B5044690F82D3063B10223F3
:1083100084F82D30274BDB6813F0100F09D00123B0
:1083200084F82D30002010BD80F82C30F9F710FFB4
:10833000EDE7204BCA225A6253225A622046FFF7C9
:1083400093FF18B11B4BFF225A62ECE7194B9A6955
:1083500022F08E6222F040029A6199696268206977
:108360000243A06902430A439A61E268A16842EAB3
:1083700001421A61DA6822F4F852616AA06A014384
:108380000A43DA602046FFF795FF18B1094BFF2238
:108390005A62C8E707498B6923F06043226AE069A3
:1083A00002436069024313438B61FF234B62B6E7CC
:1083B0000120704700280040002302E001330A3802
:1083C000C0B20928FAD81B01DBB21843704700007D
:1083D00090F82C30012B00F0B0802DE9F0410546DB
:1083E0000C46012380F82C30022380F82D30544BAA
:1083F000DE6806F44076B6F5807F43D012BB9B69F9
:1084000013F0400F01D10023CB70D4F814802078F2
:10841000FFF7D2FF07046078FFF7CEFF47EA002797
:10842000A078FFF7C9FF0743E37847EA835794F83A
:108430002400FFF7C1FF47EA0060236A184348EAB7
:10844000000020E04869B0F1803F09D0B0F5000F8E
:1084500006D03B4B9B6913F0400F01D10023CB703A
:10846000227863781B0243EA0243A2781343E2783E
:1084700043EA825394F8242043EA0263226A1343B6
:10848000184300E000202E4BCA225A6253225A623F
:10849000A36AB3F5807F2AD0294B9A6922F4085247
:1084A0009A610222DA65B6F5807F40D0244B986449
:1084B000A269DA646268224B5A672A6B42F00202B0
:1084C0002A639A6942F408529A611E4AD2F88030AF
:1084D00043F40033C2F88030194BFF225A62012363
:1084E00085F82D30002085F82C00BDE8F081144B74
:1084F0009A6922F488529A610122DA65B6F5807F82
:108500000FD00F4B1864A2695A6462680C4B1A674B
:108510002A6B42F001022A639A6942F488529A61F6
:10852000D3E7A369E2691343054A5364EDE7A369FE
:10853000E2691343024AD364BCE70220704700BFDC
:10854000002800400008005890F82C30012B17D06C
:10855000012180F82C10022380F82D30094BCA220B
:108560005A6253225A629A6942F020029A61FF22AB
:108570005A6280F82D10002380F82C30184670477E
:10858000022070470028004090F82C30012B20D0AA
:1085900010B4012180F82C10022380F82D300E4BEE
:1085A000CA225A6253225A629A6942F080029A6140
:1085B0000A4CD4F8802042F48022C4F88020FF22A4
:1085C0005A6280F82D10002380F82C30184610BC19
:1085D00070470220704700BF002800400008005884
:1085E00010B50446074B5B6D13F0400F03D1012318
:1085F00084F82D3010BD034B4022DA65FAF7B4FE43
:10860000F5E700BF002800407047890001F1804174
:1086100001F531410A607047890001F1804101F59F
:108620003141086870470000074B1A6822F0400289
:108630001A6040F4417018604FF4B8525A601A68DA
:1086400042F040021A6070470000015830B583B014
:1086500000285DD00446837903F0FF050BB1032D9C
:108660000BD1002363712046F9F712FE294AD2F894
:10867000903043F48053C2F8903085B1264B4FF4CC
:1086800000629A6100252068FFF7CEFF0123237165
:108690000023A3600123A371284603B030BD022349
:1086A000A3714FF0B042D2F8943023F40043C2F8E3
:1086B00094301A4B1B68C3EBC303C3F34C436422CF
:1086C00002FB03F3019314E00125A560124BD3F8DC
:1086D000902042F40042C3F890209A6842F400626D
:1086E0009A604FF400629A61002DD3D1CBE7002B42
:1086F000ECD0019B002BE7D0019B013B01934FF095
:10870000B043D3F8943013F48043F0D00123EEE764
:108710000125C1E70008005800040058440000206B
:1087200082B002461A4B1B68C3EBC303C3F34C432E
:10873000642000FB03F30193019B4BB1019B013BC0
:108740000193144B9B6813F0020FF5D0002001E059
:10875000012090600F4B19730D4B1B68C3EBC303D3
:10876000C3F34C43642101FB03F30193019B43B129
:10877000019B013B0193074B9B6813F0010FF5D060
:1087800001E001209060034BDB6802B0704700BF3E
:10879000440000200000015882B002461C4B1B68B8
:1087A000C3EBC303C3F34C43642000FB03F3019307
:1087B000019B4BB1019B013B0193164B9B6813F04E
:1087C000020FF5D0002001E001209060114B4FF026
:1087D000FF0C83F80CC00E4B1B68C3EBC303C3F341
:1087E0004C434FF0640C0CFB03F30193019B43B12A
:1087F000019B013B0193074B9B6813F0010FF5D0E0
:1088000001E001209060034BDB680B7002B0704701
:10881000440000200000015882B0134B1B6803EB9A
:108820004303C3F34B43642202FB03F3019306E0CB
:1088300002238360012002B07047134212D00B4B19
:108840005B6913F0040300D00123019A002AEFD0E2
:10885000019A013A0192054A526912F00202ECD0E3
:108860000122EAE70020E6E7440000200004005867
:1088700000B583B00379012B04D0FFF7CDFF03B01F
:108880005DF804FB0D4B1B6803EB4303C3F34F334D
:1088900001930B4AD2F8903023F40043C2F8903091
:1088A000019B013B0193019B002BF9D1044AD2F8B3
:1088B000903043F40043C2F89030DEE744000020DB
:1088C000000400582DE9F041054680795FFA80F8F0
:1088D000B8F1010F3ED10C4617461E466B79012BAD
:1088E0003BD001236B710223AB712846FFF7C0FF19
:1088F0001B4AD2F8903023F40043C2F890300D2187
:108900002846FFF70DFF210A2846FFF709FFE1B2CD
:108910002846FFF705FF002405E0395D2846FFF7EC
:10892000FFFE0134A4B2B442F7D30D4AD2F890301E
:1089300043F40043C2F890302846FFF76DFFAB6860
:108940000BB94FF000080123AB7100236B71404657
:10895000BDE8F0814FF00208F9E74FF00208F6E7B2
:10896000000400582DE9F041064680795FFA80F84E
:10897000B8F1010F41D10C4615461F467379012B02
:108980003ED0012373713046FFF772FF1E4AD2F8C2
:10899000903023F40043C2F890301D213046FFF799
:1089A000BFFE210A3046FFF7BBFEE1B23046FFF7BB
:1089B000B7FE00213046FFF7B3FE002406E029464B
:1089C0003046FFF7E9FE01350134A4B2BC42F6D3CC
:1089D0000D4AD2F8903043F40043C2F8903030464C
:1089E000FFF71AFFB3680BB94FF000080123B3710A
:1089F000002373714046BDE8F0814FF00208F9E7AB
:108A00004FF00208F6E700BF000400582DE9F843D4
:108A1000054680795FFA80F9B9F1010F43D18846A4
:108A200017461E466B79012B40D001236B712846F7
:108A3000FFF71EFFB8F1840F05D0B8F1940F02D0F4
:108A400000232B7101E001232B711A4AD2F89030D8
:108A500023F40043C2F8903041462846FFF760FEF9
:108A6000002405E0395D2846FFF75AFE0134A4B220
:108A7000B442F7D30F4AD2F8903043F40043C2F81F
:108A80009030B8F1840F0AD1AB680BB94FF00009F0
:108A90000123AB7100236B714846BDE8F88328467B
:108AA000FFF7BAFEF0E74FF00209F5E74FF00209D1
:108AB000F2E700BF000400582DE9F0410646807936
:108AC0005FFA80F8B8F1010F39D10C4615461F4600
:108AD0007379012B36D0012373713046FFF7C8FE3E
:108AE0001A4AD2F8903023F40043C2F8903021465D
:108AF0003046FFF715FE00213046FFF711FE002437
:108B000006E029463046FFF747FE01350134A4B29E
:108B1000BC42F6D30D4AD2F8903043F40043C2F879
:108B200090303046FFF778FEB3680BB94FF000087D
:108B30000123B371002373714046BDE8F0814FF00B
:108B40000208F9E74FF00208F6E700BF00040058FA
:108B500070B582B005460023ADF80430022301AAA7
:108B60001221FFF7A9FF9DF804309DF8054044EA63
:108B7000032426B2022301AA19462846FFF746FF1E
:108B800016F0010F26D114F0020F02D014F0400F9E
:108B900024D014F0040F25D114F0080F26D114F0BE
:108BA000100F27D114F0200F28D114F0400F29D135
:108BB00014F0800F06D014F4807F27D001212846BE
:108BC00003F088FB14F4007F25D114F4804F26D1E4
:108BD00002B070BD284603F065FBD4E7284603F0D9
:108BE00069FBD6E7284603F099FBD5E7284603F052
:108BF0009DFBD4E7284603F0A1FBD3E7284603F00A
:108C000085FBD2E7284603F05DFBD1E7002128462B
:108C100003F060FBD6E7284603F06EFBD5E7284655
:108C200003F094FBD4E700002DE9F041054680797C
:108C30005FFA80F8B8F1010F38D10C4617461E468E
:108C40006B79012B35D001236B712846FFF710FE9D
:108C5000194AD2F8903023F40043C2F890300E2124
:108C60002846FFF75DFD21462846FFF759FD002401
:108C700005E0395D2846FFF753FD0134A4B2B44244
:108C8000F7D30D4AD2F8903043F40043C2F8903045
:108C90002846FFF7C1FDAB680BB94FF00008012370
:108CA000AB7100236B714046BDE8F0814FF00208C4
:108CB000F9E74FF00208F6E7000400582DE9F0410B
:108CC000064680795FFA80F8B8F1010F3DD10C4675
:108CD00015461F467379012B3AD001237371304634
:108CE000FFF7C6FD1C4AD2F8903023F40043C2F8C7
:108CF00090301E213046FFF713FD21463046FFF726
:108D00000FFD00213046FFF70BFD002406E0294649
:108D10003046FFF741FD01350134A4B2BC42F6D321
:108D20000D4AD2F8903043F40043C2F890303046F8
:108D3000FFF772FDB3680BB94FF000080123B37160
:108D4000002373714046BDE8F0814FF00208F9E757
:108D50004FF00208F6E700BF00040058026852E82E
:108D6000003F23F0C00342E800310029F6D1026839
:108D700002F1080353E8003F23F40003083242E8FD
:108D800000310029F3D12023C0F8883070470268F1
:108D900052E8003F23F4907342E800310029F6D1F5
:108DA000026802F1080353E8003F23F0805323F0E8
:108DB0000103083242E800310029F1D1C36E012BD2
:108DC00006D02023C0F88C300023C3664367704769
:108DD000026852E8003F23F0100342E80031002906
:108DE000F6D1EEE71346D0F88820202A3DD110B501
:108DF000044600293BD0002B3BD00165A0F854303D
:108E0000A0F856300022C0F890202122C0F8882017
:108E1000C26FCAB11849D162C26F18491163C26FDB
:108E200017495163C26F0021916302682832016DB6
:108E3000C06FFDF793F938B11023C4F890302023A8
:108E4000C4F8883001200FE0236840221A622268AB
:108E500002F1080353E8003F43F08003083242E880
:108E600000310029F3D1002010BD022070470120FD
:108E7000FAE70120F8E700BF858E0008F38E0008AE
:108E8000FF8E000808B50346806A1B681B6813F054
:108E9000200F18D10023A0F85630026802F1080311
:108EA00053E8003F23F08003083242E800310029F4
:108EB000F3D1026852E8003F43F0400342E800313A
:108EC0000029F6D108BDFAF78FFBFBE708B5026869
:108ED00052E8003F23F0400342E800310029F6D178
:108EE0002023C0F8883000238367FAF77DFB08BD94
:108EF000704708B5806AFFF7FBFF08BD704738B5BB
:108F0000846AD4F88820D4F88C5023689B6813F0C6
:108F1000800F01D0212A10D023689B6813F0400FE6
:108F200001D0222D10D0D4F8903043F01003C4F8B3
:108F300090302046FFF7E2FF38BD0023A4F85630FA
:108F40002046FFF70BFFE7E70023A4F85E3020463A
:108F5000FFF71DFFE7E708B5806A0023A0F85E3041
:108F6000A0F85630FFF7CAFF08BD704770B5044639
:108F70000268D3691068916840F60F0C13EA0C0F71
:108F80000DD113F0200F10D010F0200F02D111F0EE
:108F9000805F0AD0636F93B3204698472FE0B44DAB
:108FA0000D402DD1B34E30422AD1E56E012D00F097
:108FB000C08013F4801F03D011F4800F40F05E8155
:108FC00013F0800F07D010F0800F40F05E8111F495
:108FD000000F40F05A8113F0400F03D010F0400F03
:108FE00040F05A8113F4000F03D010F0804F40F08E
:108FF000578113F0807F02D00028C0F2558170BDE8
:1090000013F0010F09D010F4807F06D001261662FC
:10901000D4F890203243C4F8902013F0020F0BD004
:1090200011F0010F08D0226802261662D4F89020B1
:1090300042F00402C4F8902013F0040F0BD011F09A
:10904000010F08D0226804261662D4F8902042F05E
:109050000202C4F8902013F0080F0BD010F0200F7C
:1090600000D13DB1226808251562D4F890202A432A
:10907000C4F8902013F4006F0CD010F0806F09D06A
:1090800022684FF400651562D4F8902042F0200267
:10909000C4F89020D4F89020002AB0D013F0200F0C
:1090A00009D010F0200F02D111F0805F03D0636F60
:1090B0000BB120469847D4F8902023689B6813F0A2
:1090C000400F02D112F0280F2CD02046FFF75FFE90
:1090D00023689B6813F0400F20D0226802F1080338
:1090E00053E8003F23F04003083242E800310029F2
:1090F000F3D1D4F880306BB15F4A9A63D4F8800022
:10910000FDF7B2F800283FF47AAFD4F88000836B03
:10911000984774E72046FFF7F1FE70E72046FFF717
:10912000EDFE6CE72046FFF7E9FE0023C4F890301F
:1091300065E713F0100F3FF43CAF10F0100F3FF451
:1091400038AF1023136223689B6813F0400F53D08D
:10915000D4F8802013685B689BB2002B3FF44FAFBC
:10916000B4F85C1099427FF64AAFA4F85E301368F9
:109170001B6813F0200F32D1226852E8003F23F41D
:10918000807342E800310029F6D1226802F1080319
:1091900053E8003F23F00103083242E80031002980
:1091A000F3D1226802F1080353E8003F23F04003A3
:1091B000083242E800310029F3D12023C4F88C3072
:1091C0000023E366226852E8003F23F0100342E8E0
:1091D00000310029F6D1D4F88000FDF70BF8022306
:1091E0002367B4F85C10B4F85E309BB2C91A89B238
:1091F0002046FFF7BAFE02E7B4F85C10B4F85E3020
:109200009BB2C91A89B2B4F85E309BB2002B3FF40E
:10921000F6AE00293FF4F3AE226852E8003F23F493
:10922000907342E800300028F6D1226802F108036A
:1092300053E8003F23F0805323F00103083242E853
:1092400000300028F1D12023C4F88C300023E366DD
:109250006367226852E8003F23F0100342E80030C1
:109260000028F6D1022323672046FFF77EFEC6E6DC
:109270000100001020010004578F00084FF48013F4
:109280001362204600F064FEB9E6A36F002B3FF4A2
:10929000B6AE20469847B2E62046FFF717FEAEE688
:1092A000204600F057FEAAE6204600F052FEA6E651
:1092B00008B5B0F86030D0F88C20222A05D00268BA
:1092C000936943F00803936108BD0268516ADBB2F9
:1092D000826D0B401370836D01338365B0F85E308F
:1092E0009BB2013B9BB2A0F85E30B0F85E309BB2FF
:1092F000002BE9D1026852E8003F23F4907342E862
:1093000000310029F6D1026802F1080353E8003F5A
:1093100023F00103083242E800310029F3D1202371
:10932000C0F88C300023436703670368164A9342F2
:109330000CD05B6813F4000F08D0026852E8003FBD
:1093400023F0806342E800310029F6D1C36E012B7F
:1093500016D10023C366026852E8003F23F01003D1
:1093600042E800310029F6D10368DA6912F0100FE3
:1093700001D010221A62B0F85C10FFF7F6FDA3E7E7
:10938000FAF742F9A0E700BF0080004008B5B0F846
:109390006020D0F88C30222B05D00268936943F00E
:1093A0000803936108BD03685B6A816D13400B80FD
:1093B000836D02338365B0F85E309BB2013B9BB294
:1093C000A0F85E30B0F85E309BB2002BEAD10268A4
:1093D00052E8003F23F4907342E800310029F6D1AF
:1093E000026802F1080353E8003F23F0010308324A
:1093F00042E800310029F3D12023C0F88C3000234B
:10940000436703670368164A93420CD05B6813F402
:10941000000F08D0026852E8003F23F0806342E862
:1094200000310029F6D1C36E012B16D10023C3668B
:10943000026852E8003F23F0100342E8003100299F
:10944000F6D10368DA6912F0100F01D010221A6207
:10945000B0F85C10FFF789FDA4E7FAF7D5F8A1E7AB
:10946000008000402DE9F843B0F860600368DD69D2
:10947000D3F80090D3F80880D0F88C20222A05D0A9
:109480009A6942F008029A61BDE8F8830446B0F890
:10949000687008E0D4F89030002B4CD1B4F85E30FE
:1094A0009BB2002B4ED0002F00F09A8015F0200FB9
:1094B00000F096802368596AF3B2A26D0B401370D6
:1094C000A36D0133A365B4F85E309BB2013B9BB240
:1094D000A4F85E302368DD6915F0070FDED015F0C3
:1094E000010F09D019F4807F06D001221A62D4F846
:1094F00090301343C4F8903015F0020F0BD018F0E1
:10950000010F08D0236802221A62D4F8903043F089
:109510000403C4F8903015F0040FBBD018F0010F0D
:10952000B8D0236804221A62D4F8903043F00203C2
:10953000C4F89030AEE72046FFF7E0FC0023C4F803
:109540009030ABE7226852E8003F23F4807342E892
:1095500000310029F6D1226802F1080353E8003FE8
:1095600023F0805323F00103083242E80031002940
:10957000F1D12023C4F88C3000236367236723686C
:10958000294A934203D05B6813F4000F06D1E36EBF
:10959000012B0DD02046FAF737F884E7226852E80D
:1095A000003F23F0806342E800310029F6D1EEE766
:1095B0000023E366226852E8003F23F0100342E8EC
:1095C00000310029F6D12368DA6912F0100F01D0BA
:1095D00010221A62B4F85C102046FFF7C6FC62E75E
:1095E000B4F85E309BB2002B3FF44EAFB4F8682065
:1095F0009A427FF649AF226802F1080353E8003F20
:1096000023F08053083242E800310029F3D1074BA0
:109610006367226852E8003F43F0200342E80031CC
:109620000029F6D130E700BF00800040B192000869
:109630002DE9F843B0F860600368DD69D3F8009065
:10964000D3F80880D0F88C20222A05D09A6942F0FD
:1096500008029A61BDE8F8830446B0F8687008E033
:10966000D4F89030002B4BD1B4F85E309BB2002B75
:109670004DD0002F00F0998015F0200F00F095805C
:1096800023685B6AA26D33401380A36D0233A36528
:10969000B4F85E309BB2013B9BB2A4F85E30236805
:1096A000DD6915F0070FDFD015F0010F09D019F4AF
:1096B000807F06D001221A62D4F890301343C4F898
:1096C000903015F0020F0BD018F0010F08D023686E
:1096D00002221A62D4F8903043F00403C4F89030A8
:1096E00015F0040FBCD018F0010FB9D02368042284
:1096F0001A62D4F8903043F00203C4F89030AFE718
:109700002046FFF7FBFB0023C4F89030ACE722684B
:1097100052E8003F23F4807342E800310029F6D17B
:10972000226802F1080353E8003F23F0805323F03E
:109730000103083242E800310029F1D12023C4F8A6
:109740008C300023636723672368294A934203D040
:109750005B6813F4000F06D1E36E012B0DD0204699
:10976000F9F752FF85E7226852E8003F23F0806353
:1097700042E800310029F6D1EEE70023E3662268D3
:1097800052E8003F23F0100342E800310029F6D1EF
:109790002368DA6912F0100F01D010221A62B4F8AF
:1097A0005C102046FFF7E1FB63E7B4F85E309BB244
:1097B000002B3FF44FAFB4F868209A427FF64AAFCF
:1097C000226802F1080353E8003F23F08053083277
:1097D00042E800310029F3D1064B6367226852E862
:1097E000003F43F0200342E800310029F6D131E781
:1097F000008000408D93000870B5044683680269BC
:10980000134342691343C2691343016808689D4AC0
:1098100002401A430A602268536823F44053E16807
:109820000B435360A1692268974B9A4201D0236A87
:109830001943936823F06E4323F430630B43936022
:109840002268D36A23F00F03616A0B43D362236853
:109850008E4A93421CD08E4A934231D08A4A934218
:109860004BD0102288498B4268D0E069B0F5004F98
:1098700000F0A580082A00F21F81DFE812F0D30073
:10988000F500D1001D01F8001D011D011D01FB00A7
:109890004FF0B042D2F8882002F0030242F4403286
:1098A000A2F54032032A09D8DFE802F002043C06A0
:1098B0000122D7E70422D5E70822D3E71022D1E717
:1098C0004FF0B042D2F8882002F00C0242F440225D
:1098D000A2F540220C2A0ED8DFE802F0070D0D0D8C
:1098E000090D0D0D260D0D0D0B000022BAE7042207
:1098F000B8E70822B6E71022B4E74FF0B042D2F83A
:10990000882002F44062B2F5006F0FD005D87AB11A
:10991000B2F5806F0ED10422A4E7B2F5406F0BD1EF
:1099200008229FE702229DE702229BE7022299E795
:10993000002297E7102295E7102293E7082A00F209
:109940009C80DFE802F0089A3A9A379A9A9A0500C2
:109950004FF4004004E0FEF7BDFA002800F08F80CD
:10996000626A4C4B33F81220B0FBF2F3656805EBEA
:109970004501994200F29480B3EB053F00F29280DA
:10998000002633463146F7F73BFC090241EA1061F5
:1099900000026B08C0182A46334641F10001F7F770
:1099A0002FFCA0F540723C4B9A427DD82368D860CA
:1099B000304650E0FDF790FDCFE73848D0E7082A61
:1099C00074D8DFE802F0072705732A7373730B005E
:1099D000324803E0FEF77EFA002869D0626A2D4B18
:1099E00033F81230B0FBF3F06268530803EB400326
:1099F000B3FBF2F3A3F110014FF6EF72914259D885
:109A00009AB222F00F02C3F3420313432268D360D9
:109A1000002020E0FEF76EFADEE7FDF75DFDDBE7F4
:109A20001E4803E0FEF756FA002847D0626A194B39
:109A300033F81230B0FBF3F0636800EB5300B0FB77
:109A4000F3F0A0F110024FF6EF739A4238D8236872
:109A500080B2D86000200123A4F86A30A4F86830EE
:109A600000236367A36770BDFEF744FADCE7FDF7E8
:109A700033FDD9E74FF40040D8E70120EBE70020A1
:109A8000E9E700BFF369FFCF0080004000380140E4
:109A90000044004014220108FFFC0F000024F400E1
:109AA0000120D8E70120D6E70120D4E70120D2E742
:109AB0000020D0E70120CEE70120CCE70020CAE754
:109AC0000120C8E7836A13F0080F06D002685368C4
:109AD00023F40043816B0B435360836A13F0010F3F
:109AE00006D00268536823F40033C16A0B43536005
:109AF000836A13F0020F06D00268536823F48033A0
:109B0000016B0B435360836A13F0040F06D00268A5
:109B1000536823F48023416B0B435360836A13F033
:109B2000100F06D00268936823F48053C16B0B4377
:109B30009360836A13F0200F06D00268936823F4C1
:109B40000053016C0B439360836A13F0400F0AD0FB
:109B50000268536823F48013416C0B435360436CD9
:109B6000B3F5801F0BD0836A13F0800F06D0026814
:109B7000536823F40023C16C0B43536070470268A1
:109B8000536823F4C003816C0B435360EBE72DE96A
:109B9000F84305460E4617469946DDF820802B68A7
:109BA000DC6936EA04040CBF01240024BC425BD10A
:109BB000B8F1FF3FF3D0F8F7BBFEA0EB090040453A
:109BC00033D8B8F1000F30D02B681A6812F0040FA8
:109BD000E5D0802EE3D0402EE1D0DA6912F4006F98
:109BE000DDD04FF400621A622A6852E8003F23F485
:109BF000D07342E800310029F6D12A6802F1080347
:109C000053E8003F23F00103083242E80031002905
:109C1000F3D12023C5F88830C5F88C30C5F89030D2
:109C2000002385F8843003201FE02A6852E8003FB3
:109C300023F4D07342E800310029F6D12A6802F1FA
:109C4000080353E8003F23F00103083242E80031E3
:109C50000029F3D12023C5F88830C5F88C300023C3
:109C600085F88430032000E00020BDE8F88330B59B
:109C700083B004460023C0F89030F8F759FE05463B
:109C80002268126812F0080F10D123681B6813F0C5
:109C9000040F19D12023C4F88830C4F88C30002078
:109CA000E066206784F8840003B030BD6FF07E4327
:109CB0000093034600224FF400112046FFF767FF90
:109CC0000028E2D00320EFE76FF07E4300932B469D
:109CD00000224FF480012046FFF759FF0028D9D019
:109CE0000320E1E778B310B50446D0F888300BB311
:109CF0002423C4F888302268136823F0010313601A
:109D0000A36AE3B92046FFF777FD012811D0226846
:109D1000536823F4904353602268936823F02A0326
:109D200093602268136843F0010313602046FFF735
:109D30009EFF10BD80F88430F9F752FBD8E720462B
:109D4000FFF7C0FEDEE701207047000010B4816518
:109D5000A0F85C20A0F85E20002343678368B3F579
:109D6000805F06D0A3B9036973B9FF23A0F8603000
:109D700014E0036923B940F2FF13A0F860300DE04E
:109D8000FF23A0F8603009E07F23A0F8603005E0F1
:109D9000B3F1805F2DD00023A0F860300023C0F81D
:109DA00090302223C0F88C30016801F1080353E899
:109DB000003F43F00103083141E80034002CF3D1A7
:109DC000436EB3F1005F1ED08368B3F5805F42D06D
:109DD000294B43670369002B43D0026852E8003FD8
:109DE00043F4907342E800310029F6D1002010BC02
:109DF000704703691BB97F23A0F86030CEE73F238B
:109E0000A0F86030CAE7B0F868309342DCD88368C5
:109E1000B3F5805F19D0194B4367036943B10268FA
:109E200052E8003F43F4807342E800310029F6D144
:109E3000026802F1080353E8003F43F08053083200
:109E400042E800310029F3D1D0E70369002BE2D1C9
:109E50000B4B4367E1E70369002BB9D1094B43671B
:109E6000B8E7026852E8003F43F0200342E80031BF
:109E70000029F6D1BAE700BFB19200086594000846
:109E8000319600088D93000838B5D0F88C30202B1F
:109E900017D1C1B1CAB10023C36603680C4CA342F9
:109EA0000CD05B6813F4000F08D0046854E8003F3E
:109EB00043F0806344E80035002DF6D1FFF746FFFC
:109EC00000E0022038BD0120FCE70120FAE700BFD6
:109ED0000080004082B002AB03E9060002685368CC
:109EE00023F01003BDF804100B435360026853685D
:109EF00023F07F439DF8061043EA0163536002B0EC
:109F000070470000436E2BB90123A0F86A30A0F817
:109F10006830704730B403689A68C2F34262996847
:109F2000490F094D6B5CDB00084C615C93FBF1F35E
:109F3000A0F86A30AB5CDB00A25C93FBF2F3A0F804
:109F4000683030BC704700BF342201082C22010861
:109F500070477047704710B584B004AB03E9060042
:109F600090F88430012B35D00446012380F88430EA
:109F70002423C0F888300268136823F001031360BB
:109F800001688B6823F44013029A13438B60AAB1D3
:109F90002268136843F001031360F8F7C9FC034615
:109FA0006FF07E42009200224FF480012046FFF7BE
:109FB000EEFD48B92023C4F8883006E004AB13E96D
:109FC0000600FFF787FFE3E70320002384F88430CF
:109FD00004B010BD0220FBE790F88430012B10D0B4
:109FE000012380F88430026852E8003F43F0020306
:109FF00042E800310029F6D1002380F88430184669
:10A0000070470220704790F88430012B1DD010B5A6
:10A010000446012380F884302423C0F88830026885
:10A020001368116821F00101116043F000534FF0F3
:10A030000052426602681360FFF764FF2023C4F8F1
:10A040008830002084F8840010BD0220704738B5A5
:10A0500090F88430012B1DD00446012380F8843011
:10A060002423C0F8883003681D681A6822F00102B2
:10A070001A600268936823F0604319439160FFF708
:10A0800041FF23681D602023C4F88830002084F835
:10A09000840038BD0220FCE738B590F88430012BED
:10A0A0001DD00446012380F884302423C0F8883072
:10A0B00003681D681A6822F001021A60026893683A
:10A0C00023F0606319439160FFF71CFF23681D6054
:10A0D0002023C4F88830002084F8840038BD022092
:10A0E000FCE70120704700000A2807D8DFE800F0ED
:10A0F000200B11171A1C1E06080E140000207047B2
:10A1000042F6B100704743F60950704745F26110BE
:10A11000704747F6122070474AF2C32070474FF24B
:10A12000244070470448704704487047044870470B
:10A1300041F68460704700BF48E8010090D00300FA
:10A1400020A107009DF80410D20053B908231A4437
:10A15000183241B102239DF80000184402EBC00000
:10A1600070470023F3E70023F5E770B59DF8104032
:10A170009DF818500432A1F1050CBCF1010F31D942
:10A1800018B9A1F10B06012E34D901282ED00026D2
:10A190009DF814C04FEACC0C85B31020844488008D
:10A1A000ACEB810C64B34FF0000EF444062904D9E3
:10A1B0000CF1080C0EB1881E8000BCF1000F22DBF0
:10A1C00084440CF1FF3C9CFBF0FC02FB0C3303F1DC
:10A1D0000C00062901D803F10E008000013002397D
:10A1E000884070BD0B2BCBD80C23C9E70C2903D0BA
:10A1F0000026CDE70126CBE70126C9E70020CDE701
:10A200004FF0140ED1E74FF0000CD9E7F0B585B050
:10A210000E4615461946BDF828209DF82C309DF8AD
:10A2200030409DF8347020B1012811D00125002460
:10A2300008E0019700942846FFF784FF4FF47A73F3
:10A2400003FB00F460190138B0FBF5F005B0F0BD78
:10A2500002970194009313460A4629463046FFF7B9
:10A2600084FF4FF47A7303FB00F4034B985DFFF710
:10A270003BFF0546E6E700BF3C22010808B5054B59
:10A280004FF400529A62044B1B6813B15B6803B130
:10A29000984708BD00040048500C002008B5FFF79F
:10A2A000EDFF08BD08B5054B4FF480529A62044B90
:10A2B0001B6813B1DB6803B1984708BD0004004870
:10A2C000500C002008B5FFF7EDFF08BD70B5002366
:10A2D00005E0CC5CE443CC540024C45401339A42DE
:10A2E000F7DC00231C4612E003F1070C23E0EDB27B
:10A2F0004D5D45FA0EF505F001056C40C6F3C70546
:10A30000465D04FA0CFC46EA0C0C00F805C0B3EB01
:10A31000C20F26DA5D4203F0070C05F0070558BFAF
:10A32000C5F1000C5FFA8CFECEF1070E5FFA8EFECF
:10A330009C46002BD8DB4FEAEC0501335E4203F06C
:10A34000070C06F0070658BFC6F1000C5FFA8CFC3C
:10A35000CCF1070C5FFA8CFC1E46002BC7DADE1D21
:10A36000C5E761B28B0143EAC1135BB21CB920217E
:10A370000B43835470BD0021FAE701207047012090
:10A380007047000008B5012804D00A4B5B7D012B03
:10A3900008D008BD084B19700648C1770E3001F08F
:10A3A0003FFEF6E7044B1970024881750E3001F04C
:10A3B00037FEEEE7F40B00204C00002008B501F05A
:10A3C000CFF908BD08B501F0B7F908BD10B501F027
:10A3D0004FFF04460E2140F61F1001F0ADF9012198
:10A3E000204601F031FF01F07FFB10BD08B50121CF
:10A3F000074B93F8560001F027FF2D214FF4D7604B
:10A40000FFF7E0FF01F077FB024801F0ADFA08BD6D
:10A41000F40B0020FFFF0F0070B504460D4601EB62
:10A420004003094EB36500231A464FF6FF710846F4
:10A4300001F02DFC002196F8560001F005FF294699
:10A44000204601F021FB70BDF40B002038B5044616
:10A4500001F0ECFF012819D000231A4640F26221D6
:10A46000084601F014FCA4B9114C0021A165114B60
:10A470004FF480529A6194F8560001F0E5FE63783B
:10A4800083B16FF07F4001F0E1FA38BD01F0D6FFF3
:10A49000E9E7094D2146284602F074FD284602F0FE
:10A4A0002BFDE1E7024B9868800101F0CFFAECE761
:10A4B000F40B002000040048C40B002008B5002065
:10A4C00001F038FA08BD08B501F02AF9052805D0D1
:10A4D000072805D0042805D1022002E0012000E071
:10A4E000032008BD0020FCE730B583B000238DF8C1
:10A4F00007300093A54BB3F85430202B29D81AB25B
:10A50000002A00F04081013B1F2B00F23C81DFE874
:10A5100013F063007F003A01F7003A013A013A0173
:10A5200027013A013A013A013A013A013A013A0166
:10A5300034013A013A013A013A013A013A013A0149
:10A540003A013A013A013A013A013A013A013A0133
:10A550005501B3F5807F00F0B38014D8402B00F094
:10A560004681802B40F00F81002001F0E3F9884BF9
:10A570001B68002B00F007819B69002B00F0038112
:10A5800000209847FFE0B3F5007F40F0FC80814B4E
:10A5900001220021022002F02FF801F0C1F8042866
:10A5A00000F09B8001F0BCF8052840F0EC807A4B6D
:10A5B0004FF480529A62794802F044FC002001F086
:10A5C000B9F9734B1B68002B00F0DD80DB68002BB2
:10A5D00000F0D9809847D6E06F4B4FF400529A6252
:10A5E0006F4802F02FFC002001F0A4F901F020FFD9
:10A5F00001280AD0664B1B68002B00F0C4801B6842
:10A60000002B00F0C0809847BDE001F01AFFF1E791
:10A61000614B4FF480529A62604802F013FC5B4B2E
:10A620005B7803B3FF220DF107015E4801F0B6FD30
:10A630005D4801F0CDFD564B1B68002B00F0A38058
:10A640009C68002C00F09F80504B93F82430012B25
:10A650001DD14E4A92F9313092F930209DF8071001
:10A660005048A0478FE0002001F064F9002140F637
:10A67000021001F061F840F6441001F071F840F06A
:10A680000201C9B240F6441001F056F8CAE73F4C47
:10A690006946E06B01F07CFE3D4B1B689D68009BAA
:10A6A00003F5FA73414A82FB0312DB17C3EBA213D3
:10A6B0005BB294F929209DF807103A48A84762E058
:10A6C000002001F037F9324B1B68002B5BD09B69EF
:10A6D000002B58D00120984755E02F4B4FF40052E3
:10A6E0009A622F4802F0AEFB002001F023F9284BBC
:10A6F0001B68002B47D05B68002B44D0984742E092
:10A700002B4B01220021022001F076FF1F4B996D97
:10A71000C9B3C1F3074140F60310FFF753FE1B4CCA
:10A7200094F8591040F60410FFF74CFE94F85810B6
:10A7300040F60510FFF746FE40F60210FFF73EFE1A
:10A7400040F00101C9B240F60210FFF73BFE0022C3
:10A75000A265134640F26221084601F098FA12E021
:10A76000144B01220021022001F046FF01F05EFEA1
:10A77000012808D101F066FE05E00F4B01220021FF
:10A78000022001F039FF03B030BD00BFF40B002000
:10A79000500C00202C20010800040048C40B0020AD
:10A7A000DC0B0020540C0020180C0020D34D62104C
:10A7B000402001084C20010858200108174802F0E9
:10A7C00041FB174B5B7873B1164B1B68002BDAD03B
:10A7D000DB68002BD7D09847134B012200210220C1
:10A7E00001F00AFFCFE7002001F0A4F8ECE70F4BDF
:10A7F00001220021022001F0FFFE094B5B7843B1EA
:10A80000084B1B68002BBED01B69002BBBD09847A0
:10A81000B9E7002001F08EF8F2E700BFC40B00207A
:10A82000F40B0020500C0020642001087020010867
:10A8300008B5034BA3F85400FFF756FE08BD00BF50
:10A84000F40B002008B501F02AFD033008BD08B55F
:10A8500001F008F808BD08B500F0C2FF08BD08B552
:10A8600001F06CFC08BD000038B50D464FF47A735A
:10A8700003FB02F401F07EFA284601F0F9FC0546DC
:10A880000E2140F61F1000F057FF0121284601F06D
:10A89000DBFC01F029F9044D2146284602F072FB49
:10A8A000284602F029FB38BDDC0B002008B501F07A
:10A8B00061FA08BD08B50021074B93F8560001F076
:10A8C000C3FC00231A464FF4C071084601F0DFF9BB
:10A8D00001F0FEF808BD00BFF40B002038B50446B7
:10A8E00001F0A4FD012819D000231A4640F262218C
:10A8F000084601F0CCF9A4B9114C0021A165114B17
:10A900004FF480529A6194F8560001F09DFC6378F0
:10A9100083B16FF07F4001F049F838BD01F08EFD42
:10A92000E9E7094D2146284602F02CFB284602F0B3
:10A93000E3FAE1E7024B9868800101F037F8ECE7B1
:10A94000F40B002000040048C40B002008B54FF0B1
:10A95000040000F0CFFF0220F7F7F6FF08BD00006B
:10A9600070B582B005460C4600231A4640F201211C
:10A97000084601F08CF95E4B4FF400529A615D4E2F
:10A98000012196F8560001F05FFC3378012B03D1CA
:10A9900096F85130062B13D040F6890000F0E0FE07
:10A9A00040F00401C9B240F6890000F0C5FE514BE9
:10A9B0001B78042B19D8DFE803F0240E24505D0027
:10A9C00040F6890000F0CCFE00F0FB0140F6890063
:10A9D00000F0B2FEEBE74748C4770E3001F020FBF1
:10A9E00000222146284600F0D9FF434C414B5968CC
:10A9F000204602F0C7FA204602F07EFA002002B09C
:10AA000070BD01F013FD01280AD03A4884750E305C
:10AA100001F006FB00222146284600F0BFFFE4E7D4
:10AA20000DF107022146284601F005FD68B93148BD
:10AA30009DF8073083750E3001F0F2FA00229DF880
:10AA40000710284600F0AAFFCFE72C4B0122002177
:10AA5000022001F0D1FD0320D1E7264802238373B1
:10AA600084760E3001F0DCFA00222146284600F000
:10AA700095FFBAE7224629462148FFF727FC1D4EDD
:10AA80000223B373651CEDB2B57606F10E0001F03A
:10AA9000C7FA0021F120FFF795FC0021F020FFF715
:10AAA00091FCB36C642B19D0E121F320FFF78AFCF1
:10AAB0000421F220FFF786FCE1008C1C090AF42037
:10AAC000FFF780FC04F0FE01F520FFF77BFC6FF040
:10AAD0007F4229460A4800F061FF86E77021F32093
:10AAE000FFF770FC1D21F220FFF76CFCE4E700BFCC
:10AAF00000040048F40B0020DC0B0020802001083B
:10AB0000540C002008B500231A461946184601F0D7
:10AB1000BEF800F065FF08BD10B504461C4B187068
:10AB200001F091FC052C04D8DFE804F00A11031DA4
:10AB3000242B032001F04AF9154B00225A7310BD53
:10AB4000002001F043F9124B00225A73F7E701206D
:10AB500001F03CF90E4B5A7B187B8242EFD05873C0
:10AB600000F0DEFAEBE7022001F030F9084B00229A
:10AB70005A73E4E7022001F029F9054B00225A73C9
:10AB8000DDE7002001F022F9014B00225A73D6E7DD
:10AB9000F40B00202DE9F04186B005460C4617461F
:10ABA0001E4600210491059101F03FFC032D00F2A7
:10ABB0005381DFE815F07900DB003D010400A27C41
:10ABC000082A00F25681A16804A801F02BFE236830
:10ABD000002B00F0518142F21072934223D8AC4B0B
:10ABE00003229A7383F838202268DA63E27C83F8C0
:10ABF000442002256368DA00A54B1A8204229A7465
:10AC0000A27CD200DA7400221A75A37D022B18D020
:10AC1000237D022B15D0627D9D4BDA75A27D1A76BD
:10AC2000227D5A7526E09A4B00259D7383F8385093
:10AC30002268DA63E27C83F84420226892081A646E
:10AC4000D8E7627D02F10F03DBB2012B01D9012AA3
:10AC500027D1019401238DF80C308E4A8E4B196850
:10AC600001A801F0DFFBE0B9894B00221A7601212F
:10AC7000D9755A75FFF722FC2846FFF74DFF874D1F
:10AC8000284601F04BF9A5F12A0001F0C9F904A802
:10AC900000F0B6FD208A00F08AFDA08900F0CDFD0D
:10ACA000DAE04FF0FF30E1E02368002B00F0E780AE
:10ACB000A27C082A00F2E680A16804A801F0B2FD97
:10ACC000734B002283F838202168D963E17C83F834
:10ACD0004410A16919649A736168C900198204213A
:10ACE0009974A17CC900D9741A75A37D022B0AD06E
:10ACF000237D022B07D0627D654BDA75A27D1A7623
:10AD0000227D5A7518E0627D02F10F03DBB2012B40
:10AD100001D9012A27D101238DF80C3001945D4A15
:10AD20005D4B196801A801F07DFBE0B9584B00228A
:10AD30001A760121D9755A75FFF7C0FB0020FFF77D
:10AD4000EBFE564D284601F0E9F8A5F12A0001F086
:10AD500067F904A800F054FD208A00F028FDA089BE
:10AD600000F06BFD78E04FF0FF307FE0484B0122B0
:10AD700083F83820227883F85020627883F85120B5
:10AD8000A27883F85220E378012B32D0022B35D001
:10AD90001BB93F4B002283F853203D4D4FF0010873
:10ADA00085F80E80A388AB83A379AB77E37985F828
:10ADB0002030237A85F82130FFF780FB4046FFF7EB
:10ADC000ABFE05F1380001F0A9F805F10E0001F025
:10ADD00027F995F85130062B1FD040F6890000F076
:10ADE000BFFC40F00401C9B240F6890000F0A4FCA9
:10ADF00032E0274B012283F85320CEE723780B3B28
:10AE0000DBB2012B04D9224B002283F85320C4E784
:10AE10001F4B012283F85320BFE740F6890000F062
:10AE20009FFC00F0FB0140F6890000F085FC13E078
:10AE30002368013BB3F57A7F27D20320FFF76CFE2E
:10AE40001348022380F8383023688364162380F87F
:10AE50004C30383001F062F8384601F009FA0C4CF9
:10AE600084F8560001F0E6FA6660002006B0BDE8FE
:10AE7000F0814FF0FF30F9E74FF0FF30F6E74FF089
:10AE8000FF30F3E74FF0FF30F0E74FF0FF30EDE732
:10AE9000F40B0020DC0B0020500C00202C0C0020B8
:10AEA0002DE9F04186B006460C4615461F460023A4
:10AEB0000493059301F0B9FA05B10027003D18BFCE
:10AEC0000125934B5D7036B1012E00F08F8000207C
:10AED00006B0BDE8F081A368002B00F00C81E368A8
:10AEE000002B00F00B81A27F082A00F20A81216961
:10AEF00004A801F097FC2068003818BF012000F07A
:10AF000001FE834D002685F83860A368EB6394F852
:10AF1000203085F84430606801F022FA85F8450059
:10AF2000AE73E368DB002B82E37FAB74A37FDB00AF
:10AF3000EB7494F821302B7594F8223073B9616961
:10AF4000A97594F82420022A12D0022B10D094F86C
:10AF500023006F49C8750A764B7523E0022B03D096
:10AF60006B4AFF219175ECE7694AFF219175E8E78B
:10AF700094F8232002F10F03DBB2012B01D9012A3F
:10AF800031D100238DF80C300294624A624B19686B
:10AF900001A801F047FA30BB5D4B00221A7601216F
:10AFA000D9755A75FFF78AFA0020FFF7B5FD5B4D9A
:10AFB000284600F0B3FFA5F12A0001F031F804A8FB
:10AFC00000F01EFCA08B00F0F2FB208B00F035FCA3
:10AFD0004FF4FA5307FB03F3A268B3FBF2F345F80F
:10AFE000303C002074E74FF0FF3071E7238E002BD8
:10AFF00000F08A8094F83230012B59D04FF0FF08CE
:10B00000A06A003818BF012000F07CFDF8B200F003
:10B0100086FD3F4B012283F8382094F82C2083F8DA
:10B02000502094F82D2083F8512094F82E2083F896
:10B03000522094F82F30012B3DD0022B40D01BB969
:10B04000334B002283F85320314D0126AE73238EFB
:10B05000AB8394F83230AB7785F81F8094F83430A6
:10B0600085F8203094F8353085F82130FFF726FA3E
:10B070003046FFF751FD05F1380000F04FFF05F1B4
:10B080000E0000F0CDFF95F82130B34228D040F2F9
:10B09000367000F065FB40F00401C9B240F2367032
:10B0A00000F04AFB1A4B4FF6FF729A6000200FE740
:10B0B00094F83380A4E7164B012283F85320C3E7AA
:10B0C00094F82C300B3BDBB2012B04D9104B00223F
:10B0D00083F85320B8E70E4B012283F85320B3E7DF
:10B0E00040F2367000F03CFB00F0FB0140F236709D
:10B0F00000F022FBD6E74FF0FF30E9E64FF0FF30DB
:10B10000E6E64FF0FF30E3E64FF0FF30E0E600BF49
:10B11000F40B0020C40B0020500C00202C0C00204D
:10B1200010B504460E4B187358730120FFF7F4FC5A
:10B1300054B134214FF4E86000F0FEFA442140F2AB
:10B14000417000F0F9FA10BD14214FF4E86000F0EE
:10B15000F3FA242140F2417000F0EEFAF3E700BF69
:10B16000F40B00202DE9F04F83B004460D469146C4
:10B170001F46BDF838609DF83C809DF840A001F066
:10B1800054F9012C5DD0042C00F0AA80002C40D191
:10B190005B4C4FF0000B84F838B00C9BE3630B233F
:10B1A00084F84430384601F0DBF884F84500C4F8F0
:10B1B000409084F80EB0F60026820423A37418236E
:10B1C000E37484F814B088F0010884F81580BAF1AB
:10B1D000000F32D0F222E275494C01232376FFF7AB
:10B1E0006DF90020FFF798FC04F1380000F096FE9E
:10B1F00004F10E0000F014FF424A6B4692E803008F
:10B2000083E80300184600F0FBFA40F2FF1000F05C
:10B21000CEFA284601F02CF8394C84F856000E215D
:10B2200040F61F1000F088FA94F8560001F002F979
:10B23000149B636003B0BDE8F08F314B0122DA75D7
:10B24000CAE72F4A012382F838300C9BDBB282F820
:10B2500050302D49C95D82F851109DF8341082F8A4
:10B2600052101FB90C9A0B3A012A2BD9012F26D064
:10B27000234A002182F85310214A01219173053B92
:10B28000DBB28B4223D91E4B9E831D4C84F81E805B
:10B290001E4B1B78E37784F820A09DF84C3084F88F
:10B2A0002130FFF70BF90120FFF736FC04F13800DD
:10B2B00000F034FE04F10E0000F0B2FEA9E70C9A93
:10B2C0000C2AD5D10E4A012182F85310D4E70B2E57
:10B2D00003D813460C229A83D7E7094B9E83D4E701
:10B2E0000420FFF719FC0648022380F838300C9B35
:10B2F0008364162380F84C30383000F00FFE88E766
:10B30000F40B0020641201083C2201084C000020CC
:10B310002DE9F04F87B004460E4615460193BDF85F
:10B320004490BDF848A09DF84C709DF854B09DF82D
:10B330006480B14B83F8018001F077F8B8F1000F19
:10B3400001D04FF0000A002F59D09DF85020AB4B90
:10B350001A70012C00F0D380052C54D0002C40F042
:10B36000C780002000F0CEFBA34C4FF0000884F80B
:10B370003880E5630B2384F84430304600F0F0FF5A
:10B3800084F8450084F80E804FEAC909A4F81090AB
:10B390000423A3741823E37484F8148087F001074E
:10B3A0006775964B1B78A375BBF1000F00F0A38067
:10B3B000F222E275904C01232376FFF77FF80020FC
:10B3C000FFF7AAFB04F1380000F0A8FD04F10E001D
:10B3D00000F026FE8A4A04AB92E8030083E80300EB
:10B3E000184600F00DFA40F2FF1000F0E0F94FF4BB
:10B3F000FA5303FB0AF3B3FBF5F3A36078E07F4B4A
:10B40000FF221A70A5E7012000F07CFB7A4C002790
:10B4100084F83870E563092384F844304FF44873A6
:10B420002364304600F09CFF84F84500A7734FEA80
:10B43000C909A4F81090A7741023E37427756775E1
:10B440006E4B1B78A3750123E37527760520FFF764
:10B4500063FB04F1380000F061FD04F10E0000F020
:10B46000DFFD02AB674A92E8030083E80300184659
:10B4700000F0C6F940F2FF1000F099F940F6B8006C
:10B48000FEF79CFF00F0EF0140F6B800FEF79AFFD0
:10B49000042140F6B900FEF795FF40F69B00FEF749
:10B4A0008DFF00F0E30141F0080140F69B00FEF73C
:10B4B00089FF40F2D160FEF781FF00F0E70141F023
:10B4C000180140F2D160FEF77DFF40F2AC60FEF75C
:10B4D00075FF00F08F0141F0500140F2AC60FEF7C3
:10B4E00071FF4FF4FA5303FB0AF3B3FBF5F3A360C8
:10B4F00007B0BDE8F08F404B0122DA755AE7002013
:10B5000000F000FB3C4A012382F83830EBB282F8AD
:10B5100050303D49895D82F85110019982F85210EE
:10B520001EB9A5F10B02012A4BD9012E47D0324A90
:10B53000002182F85310304A01219173053BDBB2A0
:10B540008B4243D92C4BA3F81C902B4CA7772B4B49
:10B550001B78E37784F820B09DF8603084F82130C0
:10B56000FEF7ACFF0120FFF7D7FA04F1380000F036
:10B57000D5FC04F10E0000F053FD5FFA8AF000F0F4
:10B58000CEFA40F6A30000F0EBF800F0010140F61F
:10B59000A30000F0D1F894F82130012B21D040F223
:10B5A000367000F0DDF840F00401C9B240F23670A8
:10B5B00000F0C2F8104B4FF6FF729A6098E70C2D1E
:10B5C000B5D10D4A012182F85310B4E7B9F10B0F40
:10B5D00003D813460C229A83B7E7074BA3F81C90B5
:10B5E000B3E740F2367000F0BBF800F0FB0140F228
:10B5F000367000F0A1F8DDE7F40B00204C000020CD
:10B60000641201086C1201083C220108F0B58BB0ED
:10B6100004460F4616461D46FEF750FF0020FFF772
:10B620007BFA2046FFF742F901230993002408948E
:10B6300007940694059404940394029403230193BD
:10B64000009723464FF4167239462046FFF760FEF6
:10B650002046FFF743F9FFF7F5F8F7F775F901F022
:10B66000B1FB0446204601F0B7FBA84206D20020F9
:10B67000FFF7F5F8B042F5DD002400E00124FEF705
:10B680001DFF20460BB0F0BD70B582B01D4B186099
:10B690001D4D00246C706C60AC60AC651B4800F004
:10B6A0002FFB6C732C7300F05BFA2146204600F0F0
:10B6B00027FD04222146012000F0A2FB234622465A
:10B6C0004FF6FF71084600F0E2FAFFF73FF9104E1F
:10B6D0000094104B22464FF0FF31304601F054FBEE
:10B6E0000D4D00940D4B22464FF0FF31284601F0DE
:10B6F0004BFB304601F0A6FB284601F0A3FB02B04D
:10B7000070BD00BF500C0020F40B002031A80008D1
:10B71000DC0B00209DA20008C40B0020C5A200087D
:10B72000014B1878704700BF620D0020014B18785C
:10B73000704700BF610D002010B582B08DF8071072
:10B74000EFF3108472B601230DF10702014603489E
:10B75000FDF7B8F884F3108802B010BD5403002040
:10B7600010B582B00146EFF3108472B601230DF1DB
:10B7700007020448FDF7F6F884F310889DF80700E7
:10B7800002B010BD5403002010B50446F9F762FC66
:10B79000012800D010BD40F62310FFF7E1FF00F0B4
:10B7A000F901214340F62310FFF7C6FFF2E710B579
:10B7B0000446FFF7BBFF00B110BD4FF4D760FFF7A1
:10B7C000CFFF00F0FE00C4F3002101434FF4D76027
:10B7D000FFF7B2FFE1B240F2B960FFF7ADFFEBE770
:10B7E00010B51346EFF3108472B60A4601460348BB
:10B7F000FDF768F884F3108810BD00BF54030020E3
:10B8000008B5014608224FF4D860FFF7E9FF002091
:10B8100008BD00B583B0030A8DF804308DF805002B
:10B82000FFF784FF10B103B05DF804FB022201A909
:10B8300040F2BC60FFF7D4FFF5E700B583B0030A20
:10B840008DF804308DF80500FFF770FF10B103B0DC
:10B850005DF804FB022201A940F2BE60FFF7C0FFC1
:10B86000F5E7000010B51346EFF3108472B60A46F0
:10B8700001460348FDF776F884F3108810BD00BF39
:10B880005403002010B51346EFF3108472B60A4635
:10B8900001460348FDF7C8F984F3108810BD00BFC6
:10B8A0005403002008B50A4601460020FFF7EAFFCE
:10B8B00008BD000010B51346EFF3108472B60A46B7
:10B8C00001460348FDF7FAF984F3108810BD00BF64
:10B8D0005403002010B51346EFF3108472B60A46E5
:10B8E00001460348FDF792F884F3108810BD00BFAD
:10B8F0005403002010B582B004460020F9F79EFBE7
:10B900000220FFF741FF04F0040304F00202134396
:10B9100004F0010423438DF8073001220DF10701E3
:10B920008420FFF7D7FF024B00221A7002B010BD2F
:10B93000620D002000B583B08DF8070001220DF1E3
:10B9400007018020FFF7C6FF9DF807302BB9054B94
:10B9500001221A7003B05DF804FB024B02221A7038
:10B96000F8E700BF620D002000B583B00A4B042247
:10B970001A70C0F307438DF80430C0F307238DF825
:10B9800005308DF80600032201A98320FFF7A2FFEE
:10B9900003B05DF804FB00BF620D002010B5144633
:10B9A000FFF780FF2046FFF7DFFF10BD00B583B033
:10B9B0000A4B05221A70C0F307438DF80430C0F318
:10B9C00007238DF805308DF80600032201A9822097
:10B9D000FFF780FF03B05DF804FB00BF620D00209D
:10B9E00070B582B00026019640F6E200FFF7B8FE7F
:10B9F000054600F0FE0140F6E200FFF79DFE40F62E
:10BA0000E500FFF7ADFE044600F07F0140F6E500DB
:10BA1000FFF792FE6FF07F40FFF7C8FF04220DEBA7
:10BA2000020140F61900FFF71DFF3046FFF782FFC5
:10BA3000294640F6E200FFF77FFE214640F6E5008A
:10BA4000FFF77AFE019802B070BD000010B582B019
:10BA500004460C4B05221A70972140F6AC00FFF704
:10BA60006BFEC4F307438DF80430C4F307238DF84D
:10BA700005308DF80640032201A98220FFF72AFF36
:10BA800002B010BD620D002000B583B0C0F30743C3
:10BA90008DF80030C0F307238DF801308DF80200D7
:10BAA000C1F307438DF80330C1F307238DF8043049
:10BAB0008DF80510062269469420FFF70BFF034B13
:10BAC00006221A7003B05DF804FB00BF620D00206F
:10BAD00008B500221146C520FFF7FCFE014B0722E6
:10BAE0001A7008BD620D002008B500221146D12051
:10BAF000FFF7F0FE08BD08B500221146D220FFF77F
:10BB0000E9FE08BD00B583B08DF8070001220DF1F4
:10BB100007019F20FFF7DEFE03B05DF804FB00B5D0
:10BB200083B08DF8070001220DF10701A020FFF777
:10BB3000D1FE9DF807303F2B0FD95B08002202E0B1
:10BB40009B080132D2B21F2BFAD8D900C9B21144D6
:10BB5000C9B240F20670FFF7EFFD03B05DF804FBD9
:10BB600000B583B0F9F776FA01280BD000238DF8E1
:10BB7000073001220DF107019620FFF7ABFE03B05D
:10BB80005DF804FB01238DF80730F2E700B583B0C0
:10BB900000F0400300F02002134300F010021343B2
:10BBA00000F00802134300F00402134300F0020205
:10BBB000134300F0010003438DF8073001220DF11B
:10BBC00007018920FFF786FE03B05DF804FB000043
:10BBD00000B583B01F4B98420DD9E1238DF8043096
:10BBE000E9238DF80530022201A99820FFF772FEA3
:10BBF00003B05DF804FB184B984206D9D7238DF8A3
:10BC00000430DB238DF80530EDE7144B984206D95C
:10BC1000C1238DF80430C5238DF80530E3E7104BC0
:10BC2000984206D975238DF8043081238DF80530AC
:10BC3000D9E70C4B984206D96B238DF804306F235B
:10BC40008DF80530CFE729238DF804302B238DF8AC
:10BC50000530C8E700E9A43580F8A9328044E52D15
:10BC6000000B6B1B40FC541900B583B08DF8040029
:10BC70008DF805108DF806208DF8073004220DEBA5
:10BC800002019520FFF726FE03B05DF804FB00B526
:10BC900083B04FEA102C8DF800C08DF80100080A1F
:10BCA0008DF802008DF80310110A8DF804108DF83C
:10BCB00005201A0A8DF806208DF8073008226946FB
:10BCC0001046FFF707FE03B05DF804FB00B583B034
:10BCD00000F007008DF80400C1F307438DF805302C
:10BCE000C1F307238DF806308DF8071004220DEB01
:10BCF00002019720FFF7EEFD03B05DF804FB0000A2
:10BD000008B508B1184A1060F6F7B4FA0220FFF738
:10BD10003BFD0020154B1870FFF70CFEF9F796F964
:10BD2000012814D0202140F61110FFF705FD202135
:10BD300040F61210FFF700FD0E2140F61F10FFF72E
:10BD4000FBFCF9F777F90A4B01221A7008BD402174
:10BD5000FFF7BCFF002140F61110FFF7EDFC4FF09C
:10BD60007F00FFF713FFE7E7540D0020580D002078
:10BD7000620D002010B582B00446124B1B78D3B17F
:10BD8000114A00236006E109F5F73AFA030E8DF82F
:10BD90000430C0F307438DF80530C0F307238DF856
:10BDA00006308DF8070004220DEB02018620FFF714
:10BDB00091FD02B010BDFFF70BFF024B01221A707C
:10BDC000DEE700BF580D00200048E80100B583B051
:10BDD0008DF80700C3B2094A137043B101220DF177
:10BDE00007018A20FFF776FD03B05DF804FB002110
:10BDF00040F2AC60FFF7A0FCF0E700BF610D00204F
:10BE000070B582B00C461646012835D040F6D800F1
:10BE1000FFF7A6FC40F01E01C9B240F6D800FFF7BC
:10BE20008BFC0120F9F71AF90546844200DD44B283
:10BE3000142D54D0112D5CD00E2D64D0012300227E
:10BE400007210420FFF710FF641B163465B215F1BB
:10BE5000090F01DA6FF00805382140F6E700FFF717
:10BE60006BFC8DF804508DF80560022201A98E202C
:10BE7000FFF730FD02B070BD0020F9F7EFF805467E
:10BE8000844200DD44B20E2D15D00A2D1DD00123B1
:10BE90001A4600210720FFF7E7FE651B0E356DB23D
:10BEA00015F1110F01DA6FF01005182140F6E700C7
:10BEB000FFF742FCD5E701231A4600210420FFF7D3
:10BEC000D3FE651B0E356DB2EAE701231A46002149
:10BED0001846FFF7C9FE651B0D356DB2E0E701237B
:10BEE000002205210320FFF7BFFE651B16356DB24A
:10BEF000ADE70123002203210220FFF7B5FE651BF9
:10BF000016356DB2A3E70123002202210846FFF790
:10BF1000ABFE651B0E356DB299E7000010B582B01F
:10BF2000044600230093019300783A4B1B78984213
:10BF300006D12378032B2CD8DFE803F005422D54DB
:10BF4000FFF744FFF5E76268334BB3FBF2F31A0CDB
:10BF50008DF800201A0A8DF801208DF80230237B1D
:10BF60008DF80330637B8DF80430A1682B4A0023E1
:10BF70004806C909F5F744F9030C8DF80530030AA2
:10BF80008DF806308DF80700082269468B20FFF7F0
:10BF9000A1FC02B010BD22691F4BB3FBF2F31A0CD7
:10BFA0008DF800201A0A8DF801208DF80230237DCB
:10BFB0008DF80330042269468B20FFF78BFCE8E7FD
:10BFC000237E8DF80030637E8DF80130A37E8DF8DE
:10BFD0000230E37E8DF80330042269468B20FFF7A0
:10BFE00079FCD6E762680C4BB3FBF2F31A0C8DF8C0
:10BFF00000201A0A8DF801208DF80230237B8DF87D
:10C000000330637B8DF80430052269468B20FFF7EF
:10C0100061FCBEE7610D00200000093D0048E80119
:10C0200010B584B004460023019302938DF80C30C0
:10C030000078314B1B78984206D12378032B2AD8FD
:10C04000DFE803F005443F05FFF7C0FEF5E7637A3C
:10C05000F12B22D0F22B2AD06288110A8DF804101D
:10C060008DF8052022798DF8062062798DF8072059
:10C07000A2798DF80820E2798DF80920227A8DF8CE
:10C080000A208DF80B30A37A8DF80C30092201A913
:10C090008C20FFF71FFC04B010BD4FF6FF70FFF7B8
:10C0A000B8FB48F20500FFF7C8FB0223D4E741F6CE
:10C0B0000F50FFF7AEFB41F22100FFF7BEFB062356
:10C0C000CAE7237B8DF804300122E0E7E3891A0AEE
:10C0D0008DF804208DF80530237C084A13708DF804
:10C0E0000630637C8DF80730A37C8DF80830E37C44
:10C0F0008DF809300622CAE7610D0020600D00208E
:10C1000000B583B08DF804008DF80510022201A956
:10C110008F20FFF7DFFB03B05DF804FB10B513467B
:10C12000EFF3108472B60A4601460348FCF7C4FCDC
:10C1300084F3108810BD00BF5403002000B583B005
:10C14000012201A91520FFF7E9FF9DF804004042F4
:10C15000401003B05DF804FB30B583B005460C46D3
:10C16000022201A91320FFF7D9FFFFF7DFFA012808
:10C1700007D09DF804302B709DF80530237003B074
:10C1800030BD054B1B78DBB2012BF2D140F20270BF
:10C19000FFF7E6FA2870EFE7600D002070B582B077
:10C1A00006460C46154600238DF807300DF10701B1
:10C1B0002046FFF7D1FF2278AA4202D9012002B01F
:10C1C00070BD31469DF80700FFF774FB0020F6E7CD
:10C1D00010B582B00446032201A91420FFF79EFF88
:10C1E000FFF7A4FA207048B1012818D014220021CA
:10C1F000204600F022FB0F2323700EE09DF8043050
:10C2000023719DF805305B425B10A3719DF80630E9
:10C210005B425B1063710023A36002B010BD9DF808
:10C2200004305B425B1023739DF9053002339B1091
:10C2300063739DF806305B425B10A373014B1B6870
:10C240002361EAE75C0D002010B5012903D001202D
:10C25000F8F7F4FE10BD04460846012C03D0022C6A
:10C26000F6D10320F4E70420FFF78EFA0220F6E768
:10C2700038B50446F8F7E6FE48B102280DD102258C
:10C28000022221462846FFF7BBFD284638BD0F2C69
:10C2900001DC0125F4E70225F2E70125F0E70120A2
:10C2A0007047000008B5024B1B680120984708BD85
:10C2B000540D002008B5024B1B680220984708BDAA
:10C2C000540D002008B5024B1B684020984708BD5C
:10C2D000540D002008B539B1012909D1054B1B685F
:10C2E0004FF48070984703E0024B1B68802098470A
:10C2F00008BD00BF540D002008B5034B1B684FF468
:10C300000070984708BD00BF540D002008B5024BCF
:10C310001B682020984708BD540D002008B5024B2B
:10C320001B680420984708BD540D002008B5024B37
:10C330001B680820984708BD540D002008B5024B23
:10C340001B681020984708BD540D002008B5034B0A
:10C350001B684FF48040984708BD00BF540D002073
:10C36000014680B10023152B0CD8084A52F833201F
:10C370008A4202D80133DBB2F5E7044A02EBC30379
:10C3800018797047FEE71F20704700BFCC220108D4
:10C3900070B582B005460C461D4B019340F6070070
:10C3A000FFF7DEF9C0F3C10308336B4413F8042C24
:10C3B00000F0070301339A40164BB3FBF2F3B3FBD3
:10C3C000F5F0072804D8400003281ED9022500E014
:10C3D000012503FB05F54FF4D660FFF7C1F906020E
:10C3E00006F4706640F2B160FFF7BAF9304310F41A
:10C3F000006F03D06FEA00506FEA10506D0905FB23
:10C4000000F0C011206002B070BD0425E1E700BF5C
:10C4100004080A0C0048E8014FF0FF3070474FF065
:10C42000FF3070474FF0FF30704770470020704773
:10C430000020704770474FF0FF3070474FF0FF30DB
:10C44000704770477047704710B5EFF3108C72B6A5
:10C450001E4BB3F812E01A8A964511D0964521D9A1
:10C46000CEF500739BB283421FD882421DD9174B71
:10C4700001249C70A3F800E000245C82134614E0C1
:10C48000CEF500739BB298420FD382420DD90F4B69
:10C4900001249C70A3F800E04FF0000EA3F812E016
:10C4A000134602E0A2EB0E0293B283420AD9074A76
:10C4B000538A0B800344C3F30803538200208CF398
:10C4C000108810BD4FF0FF30F9E700BF6410002066
:10C4D000EFF3108172B6034AD38A0133D38281F31A
:10C4E0001088704764100020EFF3108172B6034A81
:10C4F000D38A013BD38281F31088704764100020F7
:10C50000024BD88A003818BF012070476410002001
:10C5100008B518220021074800F08FF94FF4007287
:10C520000021054800F089F9044B1B68044898472E
:10C5300008BD00BF64100020640E002054210108D3
:10C54000C1C60008014B5860704700BF641000204E
:10C55000014B1872704700BF6410002070B5EFF3F4
:10C5600010831C4672B6FFF7CBFF18B184F3108816
:10C57000002070BDFFF7ACFF1C4B1A8A5B8A9A4201
:10C580002ED01A498978012917D0184A927832B9E1
:10C59000164A128A93421ED99B1A144A9382134E4A
:10C5A000358A134B1D4484F31088F5F739FF114B7E
:10C5B000DB68B18A28469847DBE70C4801888A1A6D
:10C5C00092B282820221817000210180002ADCD196
:10C5D00081700182D9E7C2F50072044B9A82DEE7CE
:10C5E000FFF782FF84F310880020C2E76410002068
:10C5F000640E00205421010808B430B586B0099CAF
:10C600000023ADF802302B4B1B7A83424CD3294BCD
:10C61000DB6899434BD1274B5B6823B11AB10DF10D
:10C62000020101A898470AAB059322464FF4807196
:10C63000214800F0A5FD85B2FFF74AFFBDF80230A2
:10C64000E818694680B2FFF7FFFEB0F1FF3F26D041
:10C6500000230DE0BDF8002003F11801694411F832
:10C66000140C164988540132ADF8002001339BB2F6
:10C67000BDF802209A42EDD8BDF80000059B224685
:10C680004FF480710D4C204400F07AFDFFF72CFF31
:10C69000FFF764FF06B0BDE8304001B07047FFF718
:10C6A00023FF6FF00200F5E76FF00400F2E76FF090
:10C6B0000500EFE764100020640D0020640E0020E8
:10C6C00010B5EFF31083194672B6264B9B78022BF8
:10C6D00016D0244A138A908A0344C3F308031382B2
:10C6E000204B1A8A5B8A9A4203D01E48C08A0128CE
:10C6F0000BD081F31088F5F799FEFFF7F5FE10BD1A
:10C70000184B00229A701A82EAE7164880780128AE
:10C7100014D0144A927832B9124A128A93421BD921
:10C720009B1A104A93820F4B188A0F4A104481F3C8
:10C7300010880E4AD268998A9047E0E7094C208811
:10C74000821A92B2A2820220A07000202080002AC9
:10C75000DFD1A0702082DCE7C2F50072014B9A8223
:10C76000E1E700BF64100020640E0020542101089E
:10C770000023024A1360024A1360704780100020B1
:10C780007C100020EFF3108372B641B1012903D170
:10C7900006490A6802430A6083F310887047034918
:10C7A0000A6822EA00020A60F6E700BF8010002053
:10C7B000EFF3108372B641B1012903D106490A682B
:10C7C00002430A6083F31088704703490A6822EA2B
:10C7D00000020A60F6E700BF7C10002038B5EFF3D6
:10C7E000108472B60C4B1B683BB10C4D2B689847FC
:10C7F0006B68984784F3108838BD094B1B682BB1D0
:10C80000064DAB689847EB689847F3E7034D2B69F3
:10C8100098476B699847EDE78010002018150108CC
:10C820007C10002004E011F8012B00F8012B1A46BF
:10C83000531E9BB2002AF6D1704702E000F8011B9C
:10C840001A46531E9BB2002AF8D17047EFF3108CA2
:10C8500072B6064A136803431360054A52F8313032
:10C86000034342F831308CF310887047A810002041
:10C870008410002070477047B0F5803F16D2000446
:10C880001023B0F1807F02D20833DBB20002B0F196
:10C89000805F02D20433DBB20001000F044A105C57
:10C8A0001844C0B2C0F11F00C0B270470023E8E7CF
:10C8B0007C23010838B5404B1C68204018603F4B72
:10C8C0001A683F4B1B683F4908683F490D6849E0BB
:10C8D00001333E4A52F8332002400A42F8D03B4D21
:10C8E00055F8332002400A4005EBC3056968114240
:10C8F00002D14FF0FF306860344D05EBC305686826
:10C900001040FFF7B9FF324908606A68012303FA53
:10C9100000F022EA00026A60EFF3108072B60A6843
:10C920009340DD4325490A6822EA03030B60022392
:10C9300006E0013B254951F833202A4041F83320D5
:10C94000002BF6D180F31088214B1A68214B53F845
:10C9500022309847194B1A68194B1B681949086807
:10C9600019490D680240144909680A4201D02B4058
:10C97000AFD0174B4FF0FF321A60FFF77BFFEFF39A
:10C98000108572B60D4B1B680D4A11680D4A12686E
:10C990001340094A1268134203D10B4B1B680B4228
:10C9A00006D085F31088FFF766FF034B1C6038BD87
:10C9B000F5F70AFDF5E700BF50000020A8100020A1
:10C9C000A410002054000020A0100020841000209B
:10C9D0009C1000209410002038B51446EFF3108509
:10C9E00072B6FFF749FF034B43F8204085F31088E8
:10C9F00038BD00BF9410002030B4430C03EB9043CB
:10CA0000002406E01C440A4D05FB1300430C03EB15
:10CA10009043002BF6D1074B984204D90134A0F57E
:10CA2000A830A0F5C07010600C6030BC704700BF2B
:10CA3000805101007F51010002460B4B00FB03F3C4
:10CA40009B0D002009E01844C3EB031103EB8103A5
:10CA5000D21A054B02FB03F39B0D002BF3D13C2AAA
:10CA600000D90130704700BF970C010008B511F0E4
:10CA7000030F13D13B2807D9D42809D83C384000EC
:10CA8000FFF7DAFF023008BD4000FFF7D5FFFAE7F5
:10CA9000D5384000FFF7D0FF0730F4E73A2807D930
:10CAA000D32809D83B384000FFF7C6FF0230EAE739
:10CAB0004000FFF7C1FFE6E7D4384000FFF7BCFFB6
:10CAC0000730E0E710B444F2444300FB03F31B0DCE
:10CAD000002409E01C44C3EB0313A0EB830044F2E1
:10CAE000444300FB03F31B0D002BF3D13B2801D97A
:10CAF00001343C3810600C6010BC704782B082B0CA
:10CB00000DF1080C0CE906000393002202608280FC
:10CB10000B440360BDF80420BDF810100A4491B224
:10CB200012B28280B2F57A7F04DB01330360A1F593
:10CB30007A71818002B002B0704782B082B00DF18C
:10CB4000080C0CE906000393002202608280CB1AD5
:10CB50000360BDF80420BDF81010521A91B212B251
:10CB60008280002A02DB02B002B07047013B036002
:10CB700001F57A718180F6E730B589B002AC84E8BE
:10CB8000030000230493ADF814300B4D2B6905A866
:10CB9000984703460490059A009294E8060006A878
:10CBA000FFF7CBFF2B6806989847AB68BDF91C00D0
:10CBB000984709B030BD00BF1421010830B587B0D7
:10CBC000044600230493ADF81430036083800B4DBA
:10CBD0002B6905A898470490EB689847ADF80C00BE
:10CBE0006B6898470290059B0093049B02AA06CAB3
:10CBF0002046FFF783FF204607B030BD142101080F
:10CC000030B585B084464469A4F1440E1C4B0FCB6B
:10CC100004AD05E90F0040F2B55303FB0EFE0EF123
:10CC2000030EDCF81020C2EB021102EB810101318E
:10CC300004F0030405EB840454F8103C5200D34084
:10CC400003F00303C3EB610303EB9E03DCF80C204A
:10CC50001A44013ADCF80010DCF80800DCF8043073
:10CC6000C3EB03139B004FF4616404FB00330B44DC
:10CC7000044901FB02330448184405B030BD00BF2D
:10CC8000741201088051010080473CFC70B58AB0E5
:10CC900004460D46324B0FCB0AAE06E90F0005AA3B
:10CCA00003A930482044FFF7A7FE01AA04A905986C
:10CCB000FFF708FF9DF804302B6001AA02A9049831
:10CCC000FFF700FF9DF804306B609DF80830AB6003
:10CCD000039E254B45F6DE0403FB0644640E6C619F
:10CCE00040F2B55304FB03F30333A6EB930603961C
:10CCF000EE6121463046FFF7B9FE0246286104EB9B
:10CD0000840303339B1001333344184903FB01119F
:10CD1000490DC1EBC1015B1AAB61614204F0030331
:10CD200001F0030158BF4B420AA901EB830353F8FA
:10CD3000100C5300D84000F00300C2EB021302EBCA
:10CD400083020132A0EB6200304403900130E860BE
:10CD500044346C614FF0FF332B620AB070BD00BFEA
:10CD60007412010880B8C303DB6601004992040015
:10CD700008B5034B00221A60024B1B68984708BD98
:10CD8000AC10002028210108A8B1F8B517461E46AE
:10CD9000044693B100250560094B5B6A0846984735
:10CDA000606025726572A572E660069B2361E7727A
:10CDB00065612846F8BD012070470120FAE700BFF1
:10CDC0002821010810B5034CE3699847A36A9847E6
:10CDD00010BD00BF2821010870B50646054DEB695E
:10CDE000984704466B6A30469847AB6A201A9847C2
:10CDF00070BD00BF28210108054B1B6800E05B697E
:10CE00001BB18342FBD1012070470020704700BF57
:10CE1000AC100020F8B50446094E336A9847054621
:10CE2000012323722768B669B0472844874202D29B
:10CE3000B04728442060024B9B6820689847F8BDA3
:10CE40002821010868B310B50246EFF3108472B6CA
:10CE5000154B196801238372E1B1002343728842A4
:10CE600006D00B46B3B1934211D019465B69F9E77E
:10CE70000B72486920B10C4B1860FFF7CBFF09E03B
:10CE80000A4BDB689847084B00221A6002E05B6996
:10CE900023B14B6184F31088002010BD00234B6147
:10CEA000F8E70120704700BFAC10002028210108DE
:10CEB000094B1A68536901E01A465B69516939B137
:10CEC0001968D0F800C08C45F6D8506143617047AE
:10CED0005061002343617047AC10002008B5054B3A
:10CEE0001B680BB100221A724361024B1860FFF7F6
:10CEF00091FF08BDAC100020F8B5002836D00446DC
:10CF0000FFF77AFF002834D1657A002D33D1EFF393
:10CF1000108672B66768194B1B6A9847874200D320
:10CF2000384620600023237201226272A372144BE0
:10CF30001B6883B1114B9B69984723681844206094
:10CF40000F4B1B681B6898420CD22046FFF7C6FFA8
:10CF500086F310880BE0094B1B6998472046FFF7C2
:10CF6000BDFFF5E72046FFF7A3FFF1E701252846BF
:10CF7000F8BD0125FBE70125F9E700BF28210108DD
:10CF8000AC10002098B110B504460A4B5B6A084605
:10CF9000984760602046FFF72FFF08B9002010BDBA
:10CFA0002046FFF74FFF2046FFF7A6FFF7E70120D7
:10CFB000704700BF2821010870B5EFF3108572B6E5
:10CFC0001E4C63699847064623699847841B1C4B8F
:10CFD0001B6823B918E000221A605B69A3B11A68C4
:10CFE000A242F8D9311A0A441A60F6E7144B1C68B9
:10CFF00062691A60002323726372E36820699847AC
:10D000006389B3F5807F12D00D4B1B683BB11C6860
:10D01000002CEBD0094B9B6998478442E6D3084B20
:10D02000186808B1037A33B185F3108870BD2046C3
:10D03000FFF762FFE8E7FFF7EDFEF5E728210108BB
:10D04000AC1000200146002008E000EB8000531CDB
:10D050000B60137803EB4003A3F130000A681378E8
:10D06000303BDBB2092BF0D9704700002DE9F045C9
:10D0700093B01B9D1C9E16F0400F10D1DFF8F8A056
:10D080009F1E222F75D816F001040BD04FF0300EE2
:10D0900016F0020F0FD0002A07DB00270CE0DFF8A4
:10D0A000DCA0EDE74FF0200EF2E752421A9E013E5F
:10D0B0001A962D2700E000275ABB30238DF8043044
:10D0C0004FF0010CAC4500DD65461A9B5B1B1CB3A1
:10D0D0001FB100F8017B013907D0002B03F1FF33AA
:10D0E00024DD00F801EB0139F7D113B0BDE8F0857C
:10D0F000B2FBF3F603FB16221AF802800CF1480289
:10D100006A4402F8448C32460CF1010C002AEFD13B
:10D11000D8E74FF0000CF9E7002B03F1FF33D7DD20
:10D12000202200F8012B0139F6D1DEE7654505F133
:10D13000FF3505DD302200F8012B0139F6D1D4E7A7
:10D140006246002A0CF1FF3C09DD0CF148026A44FA
:10D1500012F8442C00F8012B0139F1D1C5E7002B5E
:10D1600003F1FF33C1DD202200F8012B0139F6D194
:10D17000BBE70020B9E700BF98200108C0200108E4
:10D180002DE9F04387B0059204930F1E40F3B88059
:10D190000646044604E004F8012B059B0133059381
:10D1A00005990A7822B9A31B781E8342C0F2A28097
:10D1B000A31B07F1FF38434580F29C80252AEAD162
:10D1C0004B1C05934B78302B20D04FF00009303B9F
:10D1D000DBB2092B1DD94FF0FF35059B1A78A2F160
:10D1E0005803202B67D8DFE803F04A666666666658
:10D1F00066666666661E626666666662666666661F
:10D20000666666666628661966667C004FF00109E8
:10D21000DDE705A8FFF716FF0546DEE70A2331E044
:10D22000202304F8013B013D002DF9DC049B1A1D6D
:10D2300004921B7804F8013BAFE7049B1A1D04928B
:10D24000D3F80080B8F1000F03D04046F2F7F8FFA2
:10D2500006E0DFF8B080F8E7202204F8012B1D4635
:10D260006B1E8542F8DC002206E0434613F8011BE2
:10D2700004F8011B013298468242F6DB8DE749F043
:10D280004009102319F0020F2FD0049A111D0491A8
:10D290001268A11BCDF808904FF0FF300190009567
:10D2A000A8EB01012046FFF7E1FE044675E749F0CF
:10D2B00002090A23E6E7252A02D0252304F8013BC8
:10D2C000A31B98450FDD059B1A783AB104F8012B92
:10D2D000A31B98453FF761AF0A23D3E7013B0593B2
:10D2E000F6E71023CEE70A23CCE7049A111D049138
:10D2F0001268CEE700232370A01B07B0BDE8F083BF
:10D300000020FAE7E820010800B583B0074A107052
:10D310004FF496730093012346210548F9F744FC26
:10D3200000B1FEE703B05DF804FB00BFB0100020C1
:10D33000C402002008B500F0B1FE322000F0DCFE8F
:10D340000020FFF7E1FF034B012200211046FFF709
:10D3500053F908BDF020010800B585B04FF496736D
:10D360000093022302AA46210548F9F7EFFC9DF835
:10D3700008009DF8093043EA002005B05DF804FB81
:10D38000C402002010B504460120FFF7BDFF20466F
:10D39000FFF7BAFFFFF7E0FF0446782000F0ACFE8D
:10D3A0000020FFF7B1FF204610BD00B5CB8A5B001F
:10D3B000C3EBE000C317B1F918204FEAE27E02FB8D
:10D3C00003FC00FB0ECCA2FB002EF444D20A42EA7E
:10D3D0004C52400840EAC37000FB03FCA0FB000372
:10D3E00003EB4C03000B40EA03501B1391F91AE0C6
:10D3F0004FEA0E1C4FEAEE7E0CFB03F300FB0E33EC
:10D40000ACFB00C003444FEA9C3040EA8340104428
:10D41000086300EB8000803040F30F205DF804FBD0
:10D4200000B50B6B5B10A3F57A4E4FEAAE0303FB1E
:10D4300003F34FEAE32C91F9262002FB0CFCB1F92F
:10D4400024200EFB02F2520002EBAC02B1F922C022
:10D450004FEA0C4C0CEBA20C5B1391F9202052010B
:10D4600002FB03F3B1F91E200EFB02F2521002EB95
:10D47000E302921402F500428B8B03FB02F2D213FB
:10D48000C0F58013A3EB2C3340F6354000FB03F3CB
:10D49000B3F1804F25DB93FBF2F35B00B1F92AC0B7
:10D4A000DA1002FB02F2521302FB0CFC9810B1F9E5
:10D4B000282002FB00F040131A1202FB02FE0EFBB2
:10D4C00002F291F82CE00EFB02F200EB2C3000EBA4
:10D4D000624091F9272000EBC21003EB20105DF8A9
:10D4E00004FB5B0093FBF2F3D8E7000070B50B6B15
:10D4F00003EB830C0CF1800C4FEA2C2C0B89A0EB76
:10D50000031291F90CE00CFB0EFE294C84FB0E0378
:10D510004FEAEE7ECEEB631EA2EB6E02B1F80AE09C
:10D5200091F90D000CFB00F084FB0053C017C0EB19
:10D53000631091F90E300CFB03F384FB0365DB17DA
:10D54000C3EB65130CFB03F39D1184FB0565DB172F
:10D55000C3EB6513184400F5804000FB0EFE4FEA54
:10D56000AE2E0EFB02F2C87B91F910300CFB03F3D8
:10D5700084FB0314DB17C3EB641303EBC0131B1111
:10D58000911301FB01F1891201FB03F302EB630329
:10D590009B124FF47A7202FB03F3064AB2EB233F6D
:10D5A00004DB1813002802DA002000E0014870BDF7
:10D5B0001F85EB51A0860100F0B5A1B005460E46CF
:10D5C0001746334C0DF1400CA646BEE80F00ACE800
:10D5D0000F00BEE80F00ACE80F00BEE80F00ACE89B
:10D5E0000F009EE80F008CE80F00EE4604F1400C9F
:10D5F000BCE80F00AEE80F00BCE80F00AEE80F007B
:10D60000BCE80F00AEE80F009CE80F008EE80F00AA
:10D6100097F93620D317990041EA92714FEA820CAC
:10D620001CEB020C43EB010340F23C521CEB020CDE
:10D6300043F1000320AA02EB860656F8402CACFB0F
:10D6400002C002FB03004FEA1C4C4CEA004C0414DD
:10D65000ED0315F17F4563EB030315EB0C0243EB80
:10D66000204356F8800CA0FB0CC100FB04114FEACC
:10D670005C2C4CEAC15C500840EAC3705C1010EBB3
:10D680000C0044EB6121F3F76BFD21B0F0BD00BF4E
:10D690008412010810B5B0F5C87F01D94FF4C870E5
:10D6A00091F9043091F9142002FB03F3204A82FB24
:10D6B0000342DB17C3EBA21291F9113003F5447357
:10D6C000B1F912C00CF5163C0CF2991C0CFB00F0E1
:10D6D000184C84FB00ECC017C0EBEC0000F54810C0
:10D6E00084FB00C4C017C0EBA40000FB03F303EBF2
:10D6F000D370401000EB022091F83430043390FBDB
:10D70000F3F091F9353003EB831203EB420303F599
:10D71000803390FBF3F0FA3800EB00104000323019
:10D72000054B83FB0023C017C0EB6310C0B210BDD4
:10D73000D34D6210676666661F85EB51B0F57C6F4E
:10D740000CD2002302E080080133DBB23F28FAD874
:10D750009B01DBB253FA80F0C0B27047FF207047E4
:10D760008446C0B10078884207D28CF8001093F844
:10D77000461041F0010183F846109CF800109142D8
:10D780000CD98CF8002093F8462042F0020283F86E
:10D790004620002070474FF0FF3070470020704750
:10D7A00050B1826C5AB1C26C62B1036D0BB10020F2
:10D7B00070474FF0FF3070474FF0FF3070474FF029
:10D7C000FF3070474FF0FF30704770B582B00546AC
:10D7D0000C460846FFF7E4FF064638BB15F0800FFD
:10D7E00027D11023E2789A4220D0E370A56C012360
:10D7F0000DF10702F3216078A84784F85400D0B9EE
:10D800009DF8073003F0EF038DF80730E27802F05F
:10D81000100213438DF80730E56C01230DF1070268
:10D8200073216078A84784F8540038B9304602B0B4
:10D8300070BD0023D6E76FF00106F7E76FF0010631
:10D84000F4E730B583B00446FFF7AAFF054678B980
:10D8500001230DF10702F3216078D4F848C0E047B6
:10D8600084F8540038B99DF8073003F01003E370D2
:10D87000284603B030BD6FF00105F9E72DE9F0410E
:10D8800005460E4690461C461846FFF789FF074698
:10D8900050B9A3785BB14346324629466078A56CFF
:10D8A000A84784F8540060B93846BDE8F0812146A5
:10D8B0002846FFF78AFF07460028ECD145F080058F
:10D8C000E9E76FF00107EFE710B58CB004462922B5
:10D8D000002101A801F008FC00238DF80330204648
:10D8E000FFF75EFF034610B118460CB010BD23468B
:10D8F000192201A98920FFF7C1FF034600287CD027
:10D900009DF826109DF8252042EA0122E2829DF82A
:10D9100006109DF8052042EA012222839DF9072086
:10D92000A2769DF80A109DF8092042EA0122A283FE
:10D930009DF80C109DF80B2042EA0122E2839DF92C
:10D940000D2084F820209DF810109DF80F2042EA49
:10D95000012262849DF812109DF8112042EA0122F2
:10D96000A2849DF9142084F826209DF9132084F8C0
:10D9700027209DF818109DF8172042EA01222285E1
:10D980009DF81A109DF8192042EA012262859DF83F
:10D990001B2084F82C209DF81F009DF81E2002F00B
:10D9A0000F0141EA001121819DF81D10120942EA80
:10D9B000011262819DF9202022739DF9212062735A
:10D9C0009DF92220A2739DF82320E2739DF9242063
:10D9D00022749DF9292062749DF828109DF8272053
:10D9E00042EA012262829DF92A20227573B19DF9D3
:10D9F0000320121184F8362076E7234610220DF119
:10DA00001D01E120FFF73AFF034679E72346012293
:10DA10000DF103010220FFF731FF9DF80330C3F33E
:10DA2000011384F8343003460028E0D12346012254
:10DA30000DF10301FFF722FF9DF9033084F8353023
:10DA400003460028D3D1234601220DF1030104200F
:10DA5000FFF714FF0346CAE72DE9F04F85B00746EC
:10DA600088460023009301930293CDF80B300846BB
:10DA7000FFF796FE05460A241DE04146FFF795FC98
:10DA8000B88041463046FFF7CBFCB860414650466F
:10DA9000FFF72CFDF860424659464846FFF78CFDDB
:10DAA0003861002C51D0284605B0BDE8F08F013C0C
:10DAB00014F0FF04F5D0002DF9D143460F2269463A
:10DAC0001D20FFF7DBFE05469DF8002002F08003D5
:10DAD0003B7002F00F027A709DF80120BA709DF839
:10DAE00002209DF80360360146EA02369DF80420C4
:10DAF00046EA12169DF805209DF80600000140EA4E
:10DB000002309DF8072040EA12109DF808209DF889
:10DB100009A04AEA022A9DF80D109DF80E204FEA4E
:10DB2000921949EA810902F00F0B02F020010B4320
:10DB30003B7002F0100213433B7013F0800F9CD136
:10DB4000D8F850300A209847B1E70225ABE72DE915
:10DB5000F0438BB00746884616461D462822002112
:10DB6000684601F0C1FA2846FFF71AFE81460028F0
:10DB70003DD1731EDBB2122B01D800241BE06FF0E5
:10DB8000030934E02946385DFFF71FFE81463B5DFF
:10DB900003F07F030AAA02EB440202F8283C4FEA92
:10DBA000440C18F804300CF129020DEB020C0CF8AF
:10DBB000283C0134A4B2A64209D9AB78002BE1D0AD
:10DBC0003A5D0AAB03EB440303F8282CE7E7B9F10D
:10DBD000000F0CD1EC6C7300013B9BB20DF1010204
:10DBE0009DF800106878A04785F8540018B9484699
:10DBF0000BB0BDE8F0836FF00109F8E710B582B013
:10DC00000446FFF7CDFD40B9ADF80000ADF80400C3
:10DC100094F84430012B02D0012002B010BD5A23E9
:10DC20008DF800302146B4F84000FFF733FD8DF841
:10DC3000040064238DF80130B4F84200FFF77EFD44
:10DC40008DF80500002384F83C302346022201A908
:10DC50006846FFF77CFFE0E730B583B00446E02379
:10DC60008DF80730B6238DF80630FFF799FD05468D
:10DC700010B9A3781BB13DB1284603B030BD204692
:10DC8000FFF7DFFD0546F6E7234601220DF1060109
:10DC90000DF10700FFF75BFF0546236D0A2098474B
:10DCA000002DE9D1A378002BE6D12046FFF7C9FD6E
:10DCB0000546E1E710B50446FFF772FD00B110BD5F
:10DCC0002046FFF7C9FF0028F9D12346012221464B
:10DCD000D020FFF7D3FD0028F1D12378612B03D1A9
:10DCE0002046FFF7F1FDEAE76FF00200E7E770B5C5
:10DCF00082B0044674238DF80630FFF751FD0546C7
:10DD000078BB002600E0FEB1234601220DF1070199
:10DD10007420FFF7B3FD05460028F4D19DF80730C5
:10DD200013F00306EFD003F0FC038DF80730234611
:10DD300001220DF107010DF10600FFF708FF05466E
:10DD4000236D0A209847DEE794F844304BB19DF8E4
:10DD5000072022F0030203F0030313438DF807307A
:10DD600015B1284602B070BD234601220DF107010E
:10DD70000DF10600FFF7EBFE0546F2E7F0B585B0C2
:10DD800006460C4600238DF80F300293ADF80C3098
:10DD90000093ADF8043091F844700846FFF700FD99
:10DDA0000346E8B916F0080F1DD1002284F844207C
:10DDB000F3B116F0100F20D1002516F0200F41D13D
:10DDC00016F0030F66D116F0040F40F09E8016F097
:10DDD000C00F40F0C280002B00F0058184F8447031
:10DDE000184605B0F0BD2046FFF708FF0346DCE704
:10DDF0002046FFF77CFF0346DBE72346072200218E
:10DE000004F13B00FFF7ACFC034690B19DF80F20F6
:10DE100094F83B10890001F01C0122F01C020A4317
:10DE20008DF80F2075218DF808108DF80020012540
:10DE3000C3E7234601220DF10F017520FFF71EFDF8
:10DE40000346E3E723460822002104F13D00FFF7E3
:10DE500087FC0346A8B19DF80F2094F83D1022F0EE
:10DE6000080201F008010A438DF80F2005F11001A6
:10DE70006944702001F8080C01F8102C0135EDB24E
:10DE80009EE7234601220DF10F017020FFF7F6FCFB
:10DE90000346E0E723460522002104F13900FFF79D
:10DEA0005FFC034640B316F0010F09D09DF80F2028
:10DEB00094F8391002F01F0242EA41128DF80F2047
:10DEC00016F0020F0BD09DF80F2094F83A1089003D
:10DED00001F01C0122F01C020A438DF80F2005F10D
:10DEE00010026A44742102F8081C9DF80F1002F811
:10DEF000101C0135EDB266E7234601220DF10F013A
:10DF00007420FFF7BBFC0346CDE723460522002122
:10DF100004F13800FFF724FC0346A8B19DF80F2058
:10DF200094F8381022F0070201F007010A438DF837
:10DF30000F2005F110016944722001F8080C01F866
:10DF4000102C0135EDB242E7234601220DF10F01FD
:10DF50007220FFF793FC0346E0E7234601220021ED
:10DF600004F13E00FFF7FCFB034648B316F0400FF8
:10DF70000BD09DF80F2094F83E10090101F010011C
:10DF800022F010020A438DF80F2016F0800F0AD0FD
:10DF90009DF80F2094F83C1022F00F0201F00F01C1
:10DFA0000A438DF80F2005F110026A44712102F82E
:10DFB000081C9DF80F1002F8101C0135EDB20AE79D
:10DFC00023460A22002104F13C00FFF7C9FB034667
:10DFD0000028CBD1234601220DF10F017120FFF75C
:10DFE0004DFC0346C2E723462A46694602A8FFF7CE
:10DFF000AEFD0346F2E6000082B084460A46184BA6
:10E0000093E803000090ADF8041092F8393008331B
:10E010006B4413F8081C92F83A3008336B4413F839
:10E02000083C0B4492F838100831694411F8081C78
:10E03000194440F2AB7041F2B92300FB01330949A6
:10E04000A1FB03139B090133ACF8003092F83E109A
:10E0500021B1B2F842201344ACF8003002B070474E
:10E0600004130108D34D621038B505460C46084626
:10E07000FFF796FB00B138BD21462846FFF7ECFCC0
:10E080000028F8D195F90030002B03DB002384F839
:10E090004530F0E7012384F84530ECE708B50B4A3A
:10E0A000D2F8FC3043F08073C2F8FC30A2F55D4238
:10E0B000136843F001031360F9F796FA044BA3FBCE
:10E0C0000030800C034B186008BD00BF00ED00E07D
:10E0D00083DE1B43B4100020054B00225A60044B22
:10E0E0005A68044B1B6800FB03F39A42F7D9704748
:10E0F000001000E0B410002008B54FF47A7303FB61
:10E1000000F0FFF7E9FF08BD0A22002100F07AB80D
:10E11000242B2DE9F0478646904601D8012B06D1E5
:10E1200001F0DAF8162303600020BDE8F0873448D8
:10E130000D462A4615F8014B065D16F00806F8D183
:10E140002D2C10D12C780126951C33F0100215D1FE
:10E15000302C0DD12A7802F0DF02582A08D16C78D1
:10E16000023510230AE02B2C04BF2C78951CECE719
:10E17000002BF6D1302C14BF0A23082306F1004CE3
:10E180000CF1FF3C0022BCFBF3F9104603FB19CA5B
:10E19000A4F13007092F0FD83C46A3421BDD571CC2
:10E1A00007D0814514D301D1A24511DB00FB034008
:10E1B000012215F8014BEBE7A4F14107192F01D813
:10E1C000373CEAE7A4F16107192F04D8573CE4E78C
:10E1D0004FF0FF32EDE7531C08D12223CEF8003078
:10E1E0006046B8F1000FA0D0691E06E006B14042BB
:10E1F000B8F1000F99D0002AF6D1C8F8001094E7C2
:10E200008D23010813460A46014602480068FFF7BD
:10E210007FBF00BF640000202DE9F043344E8646E6
:10E220000D46284615F8014B375D17F00807F8D161
:10E230002D2C10D12C780127851C33F0100015D11E
:10E24000302C0DD1287800F0DF00582808D16C78E8
:10E25000023510230AE02B2C04BF2C78851CECE738
:10E26000002BF6D1302C14BF0A2308234FF0FF38BF
:10E270000026B8FBF3F803FB08F96FEA09093046FA
:10E28000A4F1300CBCF1090F10D86446A3421EDD86
:10E29000B6F1FF3F07D0804516D301D1A14513DB6E
:10E2A00000FB0340012615F8014BE9E7A4F1410CFE
:10E2B000BCF1190F01D8373CE8E7A4F1610CBCF1BF
:10E2C000190F04D8573CE1E74FF0FF36EBE7731C1A
:10E2D00006D12223CEF80030304632B9BDE8F083B3
:10E2E00007B14042002AF9D006B1691E1160F5E776
:10E2F0008D23010813460A46014602480068FFF7CD
:10E300008BBF00BF640000202DE9F04788B0002BD0
:10E310001D461446BCBF03F100431446129A109EDA
:10E32000DDF84CA0B6BF1D4600232D231370149BAF
:10E3300023F02008B8F1460F05D0B8F1450F00D101
:10E340000136022300E0032307AA049206AACDE9BE
:10E3500002A2CDE9003622462B4601F0A1F8B8F121
:10E36000470F074619D1119BDB070ED500EB0609B5
:10E370000022002320462946F2F78EFB08B1CDF893
:10E380001C903022079B4B451ED3079B159ADB1B25
:10E390003846136008B0BDE8F087B8F1460F00EBCF
:10E3A0000609E5D10378302B0AD10022002320464C
:10E3B0002946F2F771FB18B9C6F10106CAF80060E8
:10E3C000DAF800309944D3E7591C07911A70D9E75D
:10E3D000F7B50029BABF49422D232B230929027022
:10E3E000437029DD0DF107031D460A271A46B1FBCC
:10E3F000F7F607FB1614303402F8014C0C46632C78
:10E4000003F1FF333146F1DC3031941E03F8011C77
:10E41000411C2346AB420AD30DF109039B1AAC42BF
:10E4200088BF002302330344181A03B0F0BD13F869
:10E43000016B01F8016FEDE7302330318370C1705B
:10E44000031DF1E72DE9F04F91B00C46DDF868802F
:10E4500016461F46054600F0F5FE03680893184669
:10E46000F1F7EEFE00230E93D8F800300990073341
:10E4700023F0070303F1080294F818A0D4F800B0C1
:10E48000C8F80020D3E9008929F000430B93CDF8A8
:10E490002880C4E91289DDE90A019D4B4FF0FF3263
:10E4A000F2F72CFB70BBDDE90A01994B4FF0FF320C
:10E4B000F2F706FB30BB0022002340464946F2F744
:10E4C000F5FA10B12D2384F84330924A924BBAF1F9
:10E4D000470F8CBF90469846032323612BF004031B
:10E4E00023604FF00009009733460FAA21462846C3
:10E4F00000F0D4F9013040F08F804FF0FF3011B0C0
:10E50000BDE8F08F42464B4640464946F2F7F6FAE0
:10E5100040B14B46002BBCBF2D2384F843307F4ACB
:10E520007F4BD4E763685A1C0AF0DF013FD1062312
:10E5300063604BF480630022236006920EAACDE94B
:10E5400004A20DAA03920DF13302CDE901326368F2
:10E55000009342464B4628460A91FFF7D5FE0A999A
:10E56000472980460D9928D1C81C02DB636899426F
:10E5700040DDAAF1020A5FFA8AFA0139524604F133
:10E5800050000D91FFF724FF0E9A1318012A8146BF
:10E59000236102DC2268D20701D5013323619DF893
:10E5A0003330002B9FD02D2384F843309BE747293D
:10E5B000BFD1002BBDD10123BAE7BAF1650FDCD979
:10E5C000BAF1660F18D1002963680BDD216113B918
:10E5D0002268D00702D501330B442361A1654FF0B7
:10E5E0000009DCE713B92268D20701D50233F4E74A
:10E5F0000123F2E74FF0670A0E9B994205DB23687F
:10E600002161D807EAD54B1CE7E70029D4BFC1F147
:10E61000020201221344E0E723685A0507D4236964
:10E62000424631462846B84701302BD165E7BAF15A
:10E63000650F40F2DD80D4E9120100220023F2F7D9
:10E640002BFA002833D0374A012331462846B847F1
:10E6500001303FF452AFDDE90D38434502DB23685A
:10E66000D8070FD5DDE9082331462846B8470130E1
:10E670003FF443AF4FF0000908F1FF3804F11A0AE4
:10E68000C84509DC23689B0700F10381E0680F9B04
:10E690009842B8BF184632E7012352463146284611
:10E6A000B84701303FF429AF09F10109E8E70D9BB4
:10E6B000002B39DC1B4A012331462846B84701307C
:10E6C0003FF41BAFDDE90D3959EA030302D123689A
:10E6D000D907D7D5DDE9082331462846B8470130A8
:10E6E0003FF40BAF4FF0000A04F11A0B0D9B5B4295
:10E6F000534501DC4B4693E701235A4631462846F1
:10E70000B84701303FF4F9AE0AF1010AEEE700BF65
:10E71000FFFFEF7F912401088D240108992401084F
:10E72000952401089D240108A36DDDF838A0534508
:10E73000A8BF5346002B994636DC4FF0000B29EA60
:10E74000E97904F11A02A36D0A93A3EB09035B456F
:10E7500031DC0D9B9A453ADC2368DA0737D40D9BF0
:10E76000AAEB03090A9BAAEB03039945A8BF9946A4
:10E77000B9F1000F33DC4FF0000829EAE97904F120
:10E780001A0B0D9BAAEB0303A3EB090343457FF789
:10E7900079AF01235A4631462846B84701303FF445
:10E7A000ACAE08F10108ECE7424631462846B847CE
:10E7B0000130C2D1A1E60123314628460A92B8476A
:10E7C00001303FF49AAE0A9A0BF1010BBBE7DDE989
:10E7D000082331462846B8470130C0D18DE60A9A51
:10E7E0004B46424431462846B8470130C3D184E6FF
:10E7F000DDF838A0BAF1010F01DCDB0736D50123C3
:10E80000424631462846B84701303FF476AEDDE94E
:10E81000082331462846B84701303FF46EAED4E9AC
:10E820001201002200230AF1FF3AF2F735F9C0B9CC
:10E83000534608F1010231462846B84701300CD151
:10E840005BE601235A4631462846B84701303FF47B
:10E8500054AE08F10108D045F3DB4B4604F15002F9
:10E86000DFE64FF0000804F11A0BF4E701234246FB
:10E87000E1E701234A4631462846B84701303FF4D4
:10E880003CAE08F10108E3680F995B1A4345F0DCE0
:10E89000FCE64FF0000804F11909F4E72DE9F04710
:10E8A000164698468A680B69DDF820909342B8BFF7
:10E8B0001346336091F8432007460C460AB10133F2
:10E8C00033602368990642BF33680233336025689A
:10E8D00015F0060506D104F1190AE36832689B1A9F
:10E8E000AB4226DC94F843302268003B18BF01237A
:10E8F00092062BD404F1430241463846C847013002
:10E900001ED02368226903F00603042B02BFE568CA
:10E910003368ED1AA3680CBF25EAE575002593421C
:10E92000C4BF9B1AED1800261A34B5421AD1002034
:10E9300008E00123524641463846C847013003D11A
:10E940004FF0FF30BDE8F0870135C6E7E1185A1CEB
:10E95000302081F84300224494F8451082F8431097
:10E960000233C7E70123224641463846C8470130F3
:10E97000E6D00136D9E700002DE9FF470F7E0C9E57
:10E98000782F914680460C469A4601F1430207D8FB
:10E99000622F0AD8002F00F0D180582F00F0B880E5
:10E9A00004F1420684F842703AE0A7F16303152BA4
:10E9B000F6D801A151F823F011EA000825EA000871
:10E9C000A1E90008A1E90008A1E90008A1E90008FF
:10E9D00025EA0008A1E90008A1E90008A1E900086A
:10E9E000A1E9000823EB00084FEA0008DDEA00086F
:10E9F000A1E90008A1E9000845EB0008A1E9000829
:10EA00004FEA0008A1E90008A1E90008E5EA0008CA
:10EA100033681A1D1B68326004F1420684F84230E4
:10EA200001239CE033682068191D3160060601D57A
:10EA30001D6803E04506FBD5B3F90050002D03DA4D
:10EA40002D236D4284F8433058480A2311E0216891
:10EA50003368080653F8045B02D4490648BFADB2D8
:10EA60006F2F5248336014BF0A230823002184F813
:10EA700043106668A660002E05DB21682E4321F056
:10EA8000040121604BD01646B5FBF3F103FB11578F
:10EA9000C75D06F8017D2F46BB420D46F4D9082B11
:10EAA0000BD12368DF0708D5236961689942DEBF6F
:10EAB000302306F8013C06F1FF36921B2261CDF8A7
:10EAC00000A04B4603AA21464046FFF7E7FE01306F
:10EAD0004AD14FF0FF3004B0BDE8F087236843F01F
:10EAE000200323603248782784F845702368316812
:10EAF0001F0651F8045B02D45F0648BFADB2316017
:10EB0000D90744BF43F0200323601DB11023ADE7B4
:10EB10002648E9E7236823F020032360F6E716463A
:10EB2000BDE7336825686169181D30602E061B68D3
:10EB300001D5196002E06806FBD519800023236126
:10EB40001646BCE733681A1D32601E6862680021F1
:10EB50003046F1F725FB08B1801B606063682361D4
:10EB6000002384F84330AAE72369324649464046E9
:10EB7000D0470130ADD023689B0713D4E068039BD6
:10EB80009842B8BF1846A6E7012332464946404698
:10EB9000D04701309DD00135E36803995B1AAB4241
:10EBA000F2DCEBE7002504F11906F5E79F240108E4
:10EBB000B0240108B1F90C20F8B5160705460C463B
:10EBC00054D44B68002B02DC0B6C002B48DDE66A4A
:10EBD000002E45D0002312F480522F68216A2B604A
:10EBE00030D0626DA389590705D56368D21A636B6B
:10EBF0000BB1236CD21A0023E66A216A2846B0477B
:10EC0000431CA38906D129681D292BD8284ACA404C
:10EC1000D60727D500226260D9042269226004D574
:10EC2000421C01D12B6803B96065616B2F60B9B1DB
:10EC300004F14403994202D0284601F001FA00236E
:10EC400063630DE001232846B0470246501CC9D13A
:10EC50002B68002BC6D01D2B01D0162B1DD12F6089
:10EC6000002021E043F040031BB21AE00F69002F9F
:10EC7000F6D093070E6808BF4B690F6018BF0023DA
:10EC8000F61B8B60002EEBDD216AD4F828C03346DA
:10EC90003A462846E047002807DCB4F90C3043F038
:10ECA0004003A3814FF0FF30F8BD0744361AE9E76F
:10ECB0000100402038B50B6905460C4613B9002504
:10ECC000284638BD18B1036A0BB900F0A7F8B4F9AB
:10ECD0000C30002BF3D0626ED00704D4990502D417
:10ECE000A06D00F024FB28462146FFF763FF636E0A
:10ECF000DA070546E4D4A3899B05E1D4A06D00F0B2
:10ED000017FBDDE7002310B50446C0E90033C0E976
:10ED10000433836081814366C2818361194608227E
:10ED20005C3000F0E1F90D4B63620D4BA3620D4BBB
:10ED3000E3620D4B23630D4B24629C4206D003F12A
:10ED40006802944202D0D0339C4205D104F15800AD
:10ED5000BDE8104000F0EABA10BD00BF39EF00086E
:10ED60005BEF000893EF0008B7EF0008B810002031
:10ED7000024A0349034800F069B800BF5800002068
:10ED8000B5EC00086800002041680C4B994210B5B2
:10ED9000044601D0FFF78EFFA168094B994202D0CB
:10EDA0002046FFF787FFE168064B994204D02046D2
:10EDB000BDE81040FFF77EBF10BD00BFB8100020B7
:10EDC000201100208811002010B50B4B0B4C0C4A71
:10EDD0001A60204600220421FFF794FF04F1680026
:10EDE00001220921FFF78EFF04F1D0000222BDE8C5
:10EDF00010401221FFF786BFF0110020B81000204C
:10EE000071ED0008014800F092BA00BFF91100202E
:10EE1000014800F08DBA00BFF911002010B504467A
:10EE2000FFF7F0FF236A1BB1BDE81040FFF7F0BF0A
:10EE3000044B2362044B1B68002BF5D1FFF7C4FF82
:10EE4000F2E700BF89ED0008F01100202DE9F8433A
:10EE50000746884614460026D4E90195B9F1010910
:10EE600005D52468002CF7D13046BDE8F883AB897E
:10EE7000012B07D9B5F90E30013303D029463846A6
:10EE8000C04706436835E9E70CB430B5184B0C1E93
:10EE90001D689DB008DA8B232B604FF0FF301DB04A
:10EEA000BDE8304002B070474FF40273ADF8143043
:10EEB0004FF000031B9314BF04F1FF332346049368
:10EEC00007934FF6FF7302900690ADF81630209A24
:10EED00021AB02A92846019301F086FD431CBCBF6B
:10EEE0008B232B60002CDAD0029B00221A70D6E70D
:10EEF000640000200EB410B59DB01FAB02900690C8
:10EF00006FF000410A48079104910A4953F8042B15
:10EF10000591002402A9006801931B9401F064FD8F
:10EF2000029B1C701DB0BDE8104003B0704700BFCD
:10EF3000640000200802FFFF10B50C46B1F90E1066
:10EF400000F0A6F90028ABBF636DA3891B1823F45A
:10EF50008053ACBF6365A38110BD2DE9F0411F460E
:10EF60008B89DB0505460C46164605D5B1F90E1012
:10EF70000223002200F07AF9A389B4F90E1023F4D9
:10EF80008053A38132463B462846BDE8F04100F05D
:10EF900091B910B50C46B1F90E1000F067F9431C99
:10EFA000A38915BF606523F4805343F48053A38184
:10EFB00018BFA38110BDB1F90E1000F047B9F8B524
:10EFC0000E461446054618B1036A0BB9FFF726FF33
:10EFD000A369A360A3891A0701D5236943B9214610
:10EFE000284600F02BF818B14FF0FF373846F8BD2F
:10EFF00023682269981A6369F6B28342374605DCB2
:10F0000021462846FFF756FE0028EDD1A368013BB4
:10F01000A36023685A1C22601E706269431C9A42D6
:10F0200004D0A389DB07E1D50A2EDFD1214628468B
:10F03000FFF740FE0028D9D0D6E7000038B5294BAD
:10F04000054618680C4618B1036A0BB9FFF7E6FECF
:10F05000B4F90C30190722D4DA0607D409222A6041
:10F0600043F04003A3814FF0FF3033E0580712D53F
:10F07000616B41B104F14403994202D0284600F08B
:10F08000DFFF00236363A38923F02403A38100230C
:10F09000636023692360A38943F00803A381236984
:10F0A0004BB9A38903F42073B3F5007F03D0214645
:10F0B000284601F0CDFDB4F90C3013F001020AD05E
:10F0C0000022A26062695242A261226942B913F031
:10F0D0008000C5D138BD990758BF6269A260F4E7C6
:10F0E0000020F7E76400002002440346934200D169
:10F0F000704703F8011BF9E710B502461478134670
:10F100000132002CFAD1013B11F8012B03F8012F39
:10F11000002AF9D110BD10B56AB10139841810F870
:10F12000012B11F8013F9A4203D1A04201D0002ADD
:10F13000F5D1D01A10BD1046FCE710B501390346D1
:10F1400032B111F8014F03F8014B013A002CF7D10D
:10F150001A440021934200D110BD03F8011BF9E7C6
:10F1600038B511F0FF0403460ED12146BDE8384002
:10F1700001F0C4BD431C05462146184601F0BEFD02
:10F180000028F7D1284638BD0025F5E7164B2DE9B4
:10F19000F0411F687C6C05460E46ECB9502000F02B
:10F1A00099FF0246786420B9104B11485B2100F0AA
:10F1B000CFF8C0E90044C0E90244C0E90444C0E912
:10F1C0000A44C0E90C44C0E90E44C0E91044C0E957
:10F1D00012448461047744627A6C314628460123E4
:10F1E000BDE8F04100F006B864000020C124010829
:10F1F000D8240108F0B5044608B9146844B1204683
:10F2000014F8015B0F4617F8016B1EB965B915605C
:10F21000002005E0B542F6D1002BF0D11460037058
:10F22000F0BD1C460CE01DB9274614F8013B0E4604
:10F2300016F8015BAB42F6D1002BF2D000233B70F5
:10F240001460EDE700487047A401002038B5064D72
:10F250000023044608462B60F3F724FF431C02D129
:10F260002B6803B1236038BDF411002038B5074D79
:10F2700004460846114600222A601A46F3F71CFF8E
:10F28000431C02D12B6803B1236038BDF411002068
:10F2900038B5074D04460846114600222A601A4632
:10F2A000F3F7E2FE431C02D12B6803B1236038BDA3
:10F2B000F411002038B5074D0446084611460022D7
:10F2C0002A601A46F3F7E0FE431C02D12B6803B113
:10F2D000236038BDF4110020014B1868704700BF4F
:10F2E0006400002070B50D4D0D4C641BA410002669
:10F2F000A64209D10B4D0C4C01F034FF641BA41045
:10F300000026A64205D170BD55F8043B984701364A
:10F31000EEE755F8043B98470136F2E7602701080D
:10F3200060270108602701086427010870477047BB
:10F3300070470A44914200F1FF3300D1704710B585
:10F3400011F8014B03F8014F9142F9D110BD0000B3
:10F350001FB514461A46094B1B680546D8684CB1C0
:10F36000074B0091CDE9013406492B4601F038FCEA
:10F3700001F004FD044B1C46F3E700BF64000020CD
:10F38000322501083F2501086D2501082DE9F74FB9
:10F3900003690C69A34207467EDB013C01F11408B6
:10F3A000A30000F11405009305EB8403019358F8C2
:10F3B000243055F8242001339A4208EB8409B2FB2B
:10F3C000F3F62ED34FF0000AC446AE46D3465CF89F
:10F3D000043B98B206FB00A0020C1B0C06FB0323A7
:10F3E000DEF8002080B292B2121A5A44DEF8000011
:10F3F0004FEA134A9BB2C3EB224303EB104392B292
:10F4000042EA0342E1454EF8042B4FEA234BDED299
:10F41000009BEB582BB9019B043B9D421A462FD30E
:10F420003C61384601F07EF9002825DB29460020A2
:10F4300058F8042BD1F800C01FFA82FE1FFA8CF393
:10F44000A3EB0E030344120CC2EB234202EB1C425B
:10F450009BB243EA0243C14541F8043B4FEA2240D4
:10F46000E6D255F8242005EB840322B9043B9D42E3
:10F470001A460BD33C610136304603B0BDE8F08F2D
:10F480001268043B002ACBD1013CC6E71268043B5A
:10F49000002AEFD1013CEAE70020EEE7000000007F
:10F4A0002DE9F04FC76997B014461D46CDE90645D2
:10F4B000239E81467FB9102000F00CFE0246C9F859
:10F4C0001C0020B9AA4BEF21AA48FFF741FFC0E971
:10F4D00001770760C760D9F81C30196859B15A68BC
:10F4E0004A60012393408B60484600F0E9FED9F85A
:10F4F0001C3000221A602B1EB9BF23F00043079373
:10F5000000233360DDF81C809B4BBCBF01223260BE
:10F5100033EA080312D1229A42F20F731360C8F340
:10F520001303234300F05B85249BDFF850A2002BDC
:10F5300000F05D850AF1030300F057BDDDE9062305
:10F54000CDE90C23DDE90C0100220023F1F7A4FA38
:10F55000074658B1229A01231360249B13B1249AC1
:10F56000874B1360DFF81CA200F041BD14AB019380
:10F5700015AB00934846DDE90C2301F081F9C8F38F
:10F580000A560390002E77D00D9B1297C3F31303F6
:10F59000DDE90C0143F07F5343F44013A6F2FF363C
:10F5A00019460022784BF0F757FE6BA3D3E90023EE
:10F5B000F1F70AF86AA3D3E90023F0F74FFE0446F7
:10F5C00030460D46F0F796FF67A3D3E90023F0F726
:10F5D000FBFF02460B4620462946F0F73FFE044655
:10F5E0000D46F1F7A1FA00220746002320462946DE
:10F5F000F1F75CFA40B13846F0F77CFF22462B4623
:10F60000F1F74AFA00B9013F162F53D85F4B03EBCD
:10F61000C703D3E90023DDE90C01F1F747FA00281D
:10F620004AD0013F00230F93149B9B1B5A1E45BFDA
:10F63000C3F10103049300230023099254BF0493F0
:10F640000993002F3ADB099B0E973B440993002353
:10F650000A93209B092B64D8052BC4BF043B20933D
:10F66000209BA3F10203CCBF00240124032B64D808
:10F67000DFE803F05355382CDDE914631E4406F22D
:10F680003243202BC1BFC3F1400308FA03F806F24E
:10F69000124324FA03F3D6BFC3F1200348EA030060
:10F6A00004FA03F0F0F716FF0122A1F1F873013E0E
:10F6B000129275E70123B6E70F90B5E7049BDB1BB9
:10F6C00004937B420A9300230E93C2E701230B931A
:10F6D000219B07EB030B0BF10103012B0893B8BF30
:10F6E000012306E001230B93219B002B28DD9B4681
:10F6F0000893D9F81C000021042202F114059D4250
:10F7000026D94160484600F09BFD8246002841D141
:10F710001F4B024640F2AF11D6E60023E3E7002379
:10F72000D5E70124002320930B944FF0FF3B0022E8
:10F73000CDF820B012232192DBE701230B93F4E7ED
:10F740004FF0010BCDF820B05B46CDF884B0D0E788
:10F7500001315200D1E700BF61436F63A787D23FF9
:10F76000B3C8608B288AC63FFB799F501344D33FB0
:10F77000C12401087B2501080000F07F77250108DE
:10F780009E2401089D2401080000F83F90260108EE
:10F79000D3250108D9F81C301860089B0E2B00F205
:10F7A000A180002C00F09E80002F33DD9C4B07F0E1
:10F7B0000F0203EBC203D3E90034F805CDE910349E
:10F7C0004FEA271416D5974BDDE90C01D3E908233E
:10F7D000F1F724F8CDE9060104F00F040326914D5A
:10F7E00054B9DDE91023DDE90601F1F717F8CDE999
:10F7F000060128E00226F2E7E10708D5DDE910015D
:10F80000D5E90023F0F7E0FECDE9100101366410E0
:10F810000835E5E700F0AF807C42814B814D04F074
:10F820000F0203EBC203D3E90023DDE90C01F0F77B
:10F83000CBFECDE90601241100230226002C40F066
:10F840008F80002BD3D10F9BDDE90645002B00F004
:10F850009480754B002220462946F1F727F90028AD
:10F8600000F08B80089B002B00F08780BBF1000F1D
:10F8700034DD20466D4B00222946F0F7A5FECDE988
:10F88000060107F1FF3801365C463046F0F732FEDC
:10F89000DDE90623F0F798FE654B0022F0F7DEFC69
:10F8A0000546A1F15076002C6AD1DDE90601614BD5
:10F8B0000022F0F7D1FC02460B46CDE906232A468A
:10F8C0003346F1F711F9002840F09882DDE906018E
:10F8D0002A4606F10043F1F7E9F838BBDDE90C34BC
:10F8E000CDE90634159B002BC0F257810E2F00F393
:10F8F00054814B4B03EBC703D3E90034CDE9043407
:10F90000219B002B80F2E580089B002B00F3E18017
:10F910000CD1484B0022DDE90401F0F755FEDDE98A
:10F920000623F1F7D7F8002800F066820024254668
:10F93000219B56466FEA030800272146484600F0FF
:10F94000BFFC002D00F0BD802FB1AF4203D039467F
:10F95000484600F0B5FC2946484600F0B1FCB0E04E
:10F96000E20705D5D5E90023F0F72EFE0136012385
:10F970006410083562E7022665E7089CB84684E70C
:10F98000274B0B9903EBC40353E90223544400298A
:10F9900054D029490020F0F741FF33462A46F0F7BA
:10F9A0005BFCCDE910015646DDE90601F1F7BCF834
:10F9B0000546F0F79FFD02460B46DDE90601F0F72C
:10F9C0004BFC303502460B46CDE9062306F8015BB9
:10F9D000DDE91023F1F76AF8002872D1DDE906238A
:10F9E00011490020F0F738FCDDE91023F1F75EF84B
:10F9F000002840F0B480A6423FF470AFDDE910016A
:10FA00000A4B0022F0F7E0FD084BCDE9100100227F
:10FA1000DDE90601F0F7D8FDCDE90601C4E700BF36
:10FA200090260108682601080000F03F00002440ED
:10FA300000001C40000014400000E03F3146284612
:10FA4000F0F7C2FDCDE9100113945646DDE9060139
:10FA5000F1F76AF80546F0F74DFD02460B46DDE981
:10FA60000601F0F7F9FB303506F8015B02460B465C
:10FA7000A642CDE906234FF0000224D1AF4BDDE9C9
:10FA80001001F0F7EBFB02460B46DDE90601F1F74A
:10FA90002BF8002863D1DDE91023A8490020F0F7F6
:10FAA000DBFB02460B46DDE90601F0F7FFFF00280D
:10FAB0003FF414AF139E731E139316F8013C302BC2
:10FAC000F8D047463BE09E4BF0F77EFDCDE90601BE
:10FAD000BCE7DDE906455646DDE904232046294614
:10FAE000F0F79CFEF1F720F88046F0F703FDDDE922
:10FAF0000423F0F769FD02460B462046294608F12B
:10FB00003004F0F7A9FB06F8014B089DA6EB0A04A8
:10FB1000A54202460B4633D1F0F7A0FBDDE90423F2
:10FB200004460D46F0F7E0FFC0B9DDE904232046A6
:10FB30002946F0F7B1FF10B118F0010F0ED103996B
:10FB4000484600F0BDFB00233370229B01371F6045
:10FB5000249B002B00F04B821E6048E2B8463346DF
:10FB60001E4613F8012D392A06D19A45F8D13022C4
:10FB700008F101088AF800201A7801321A70A0E70B
:10FB80006F4B0022F0F720FD0022002304460D46B3
:10FB9000F0F782FF00289FD0D1E70B9A002A00F0EF
:10FBA000EA80209A012A00F3CD80129A002A00F000
:10FBB000C18003F233430A9C049E049A1A440492BF
:10FBC000099A01211A444846099200F02DFC054685
:10FBD00066B1099B002B09DDB342049AA8BF3346E6
:10FBE000D21A0492099AF61AD31A09930A9B0BB3F4
:10FBF0000B9B002B00F0C680002C00F0C080294633
:10FC00002246484600F0C8FC039A0146054648468D
:10FC100000F020FC03998046484600F051FB0A9B07
:10FC20001B1B0A9300F0B1800A9A4146484600F037
:10FC3000B3FC03900121484600F0F6FB0E9B0446FE
:10FC4000002B00F0D8811A460146484600F0A4FC7B
:10FC5000209B012B044600F39F80069B002B40F065
:10FC60009780079BC3F31303002B40F09380079BFF
:10FC700023F000431B0D1B0533B1049B0133049398
:10FC8000099B0133099301230A930E9B002B00F07B
:10FC9000B881236904EB8303186900F079FBC0F194
:10FCA0002000099B184410F01F0000F08280C0F172
:10FCB0002003042B73DD049BC0F11C000344049358
:10FCC000099B034406440993049B002B05DD03991B
:10FCD0001A46484600F0BAFC0390099B002B05DD4C
:10FCE00021461A46484600F0B1FC04460F9B002B03
:10FCF00061D00398214600F015FD00285BDA00234F
:10FD000003990A22484600F0FDFA0B9B039007F185
:10FD1000FF38002B00F07781294600230A2248464D
:10FD200000F0F0FABBF1000F05466FDC209B022BC0
:10FD300049DC6BE0149BC3F136033CE70000E03F75
:10FD400000002440089B5C1E0A9BA34209DB1C1B8D
:10FD5000089B002BBFF630AF049B089A9E1A002325
:10FD60002BE70A9B0E9A0A94E31A1A44049E089BF6
:10FD70000E92002421E70A9C049E0B9D28E7DDF8E3
:10FD80000C8051E70A9A039950E7CDF80C8051E7AF
:10FD9000002379E7069B77E700230A9379E793D05E
:10FDA000049A1C331A440492099A1A441E44099274
:10FDB0008AE70346F4E7089B002BB84620DC9B4605
:10FDC000209B022B1EDDBBF1000F7FF4B1AD21465D
:10FDD0005B460522484600F095FA01460446039822
:10FDE00000F0A0FC00287FF7A3AD5646312306F8AB
:10FDF000013B08F101089FE5089CB8462546F4E759
:10FE0000DDF820B00B9B002B00F00181002E05DDFA
:10FE100029463246484600F019FC05460A9B002B4D
:10FE20005CD06968484600F00BFA064628B9824B58
:10FE3000024640F2EF21FFF747BB2A6902329200E7
:10FE400005F10C010C30FFF774FA012231464846E7
:10FE500000F0FCFB0AF1010304930AEB0B030A9385
:10FE6000069B03F001032F4609930546049B039864
:10FE7000214603F1FF3BFFF789FA03463033069032
:10FE8000394603980B9300F04DFC2A460890214612
:10FE9000484600F063FCC2680B9B064602BB014665
:10FEA000039800F03FFC0B9B024631464846CDE9E3
:10FEB0000B3200F005FA209B0C9A049E42EA0301E3
:10FEC000099B19430B9B0DD1392B27D0089A002A87
:10FED00001DD069B31338BF800302EE52846B9E76B
:10FEE0000122E2E70899002904DB209801430998E0
:10FEF000014320D1002AEEDD0399049301224846F4
:10FF000000F0A4FB2146039000F00CFC0028049BA9
:10FF100002DCE0D1DA07DED5392BDAD139238BF8D0
:10FF2000003033461E46013B16F8012C392A4ED0CC
:10FF300001321A7001E5002A03DD392BEED00133BE
:10FF4000C9E7049A0A9902F8013C8A4228D0039929
:10FF500000230A22484600F0D5F9AF4203904FF043
:10FF600000034FF00A023946484607D100F0CAF9AB
:10FF700007460546049B0133049377E700F0C2F976
:10FF80002946074600230A22484600F0BBF90546E9
:10FF9000F0E7BBF1000FCCBF5E46012656440027B8
:10FFA000039904930122484600F050FB2146039038
:10FFB00000F0B8FB0028B4DC02D1049BDB07B0D40E
:10FFC00033461E4613F8012D302AFAD0B5E49A457F
:10FFD000A8D1312308F101088AF80030ADE4249B50
:10FFE000DFF858A01BB10AF10803249A13605046A9
:10FFF00017B0BDE8F08F209B012B7FF72EAE0E9B34
:020000040801F1
:100000000A9301204DE6BBF1000F7FF7D9AE5646AB
:1000100003982146FFF7BAF900F1300306F8013BD7
:10002000A6EB0A029345B4DD039900230A22484651
:1000300000F068F90390EBE7D32501086E2501086D
:1000400038B50546002941D051F8043C0C1F002B5F
:10005000B8BFE41800F0E8F81D4A136833B96360CC
:1000600014602846BDE8384000F0E4B8A34208D93F
:10007000206821188B4201BF19685B68091821604C
:10008000EDE71A465B680BB1A342FAD91168501824
:10009000A0420BD120680144501883421160E0D186
:1000A00018685B68536008441060DAE702D90C23D3
:1000B0002B60D6E7206821188B4204BF19685B6863
:1000C000636004BF091821605460CAE738BD00BFEF
:1000D00000120020024B0146186800F025B800BF4E
:1000E0006400002070B50F4E0C463168054611B90A
:1000F00000F034FE30602146284600F02FFE431CFD
:1001000003D14FF0FF34204670BDC41C24F003041B
:10011000A042F8D0211A284600F020FE0130F2D18A
:10012000EFE700BFFC1100202DE9F843CD1C25F0BE
:10013000030508350C2D38BF0C25002D064601DBC4
:10014000A94204D90C2333600020BDE8F883DFF80E
:10015000D48000F069F8D8F800301C4644BB29462A
:100160003046FFF7BFFF431C044658D1D8F8004083
:100170002746002F43D1002C4BD023683946304608
:1001800004EB030900F0EAFD814542D121686D1AB4
:1001900029463046FFF7A6FF01303AD023682B44AA
:1001A0002360D8F800305A6862BBC8F800700FE0CE
:1001B0002268521B20D40B2A17D96119A34225604B
:1001C00018BF5960636808BFC8F8001062514B60DF
:1001D000304600F02FF804F10B00231D20F007003B
:1001E000C21A1CBF1B1AA350AFE76268A3420CBF20
:1001F000C8F800205A60EBE723466468AEE73C4647
:100200007F68B6E71A465B68A342FBD100235360C0
:10021000DEE70C233360304600F00CF894E705600D
:10022000D6E700BF001200200148FFF780B800BFEA
:10023000F81100200148FFF77BB800BFF81100203B
:1002400070B5C66904460D4676B91020FFF742FF27
:100250000246E06120B9184B18486B21FFF778F887
:10026000C0E901660660C660E669F36883B1E369C8
:10027000DB6853F82500B8B9012101FA05F6721DB3
:100280009200204600F081FD60B1C0E901560EE009
:1002900021220421204600F078FDE369F060DB684C
:1002A000002BE4D1002070BD026843F82520002314
:1002B000C0E90333F7E700BFC1240108E4250108C2
:1002C00070B5C66905460C4676B91020FFF702FFE7
:1002D0000246E86120B9094B09488F21FFF738F839
:1002E000C0E901660660C6603CB1EB696268DB6824
:1002F00053F82210216043F8224070BDC124010848
:10030000E42501082DE9F0410D6907460C461E461B
:1003100001F1140C0020DCF8003099B202FB0161FD
:100320001E0C0B0C02FB063389B2013001EB0341BA
:1003300085424CF8041B4FEA1346ECDC0EB3A3686D
:10034000AB4219DC616838460131FFF779FF80461E
:1003500028B902460C4B0D48BA21FEF7F9FF226975
:10036000023204F10C0192000C30FEF7E2FF21464C
:100370003846FFF7A5FF444604EB850301355E616F
:1003800025612046BDE8F081D3250108E425010858
:10039000B0F5803F034636BF030400201020B3F1C0
:1003A000807F3CBF1B020830B3F1805F3CBF1B0164
:1003B0000430B3F1804F3CBF9B000230002B05DBC3
:1003C00013F0804F00F1010008BF20207047036840
:1003D000024613F007000BD0D90721D4980749BF74
:1003E0005B089B08012013605CBF1360022070470C
:1003F00099B209B91B0C1020D9B209B908301B0AEF
:10040000190704BF1B090430990704BF9B08023079
:10041000D90703D45B0800F1010003D013607047D3
:10042000002070472020704710B50C460121FFF7CF
:1004300007FF024628B9054B054840F24511FEF773
:1004400087FF01234461036110BD00BFD32501086C
:10045000E42501082DE9F04F17460A693B699A42E5
:10046000A8BF3B468946A4BF0F4699463D69D9F8C7
:1004700010A0BB68796805EB0A06B34285B0B8BF27
:100480000131FFF7DDFE30B90246414B41484FF4E0
:10049000B171FEF75DFF00F1140404EB860E2346F4
:1004A0000022734520D307F1140809F1140108EB69
:1004B000850501EB8A030293EB1B153B23F0030335
:1004C00004331537BD4238BF04230193029B0391C7
:1004D0008B420CD8002E03DD5EF8043D002B55D076
:1004E000066105B0BDE8F08F43F8042BD9E7B1F8F9
:1004F00000A0BAF1000F1FD0C446A14600275CF847
:10050000042BD9F800301FFA82FB9BB20AFB0B3395
:100510003B44D9F80070120C3F0C0AFB027202EB4C
:1005200013429BB243EA0243654549F8043B4FEA54
:100530001247E4D8019BE750039BB3F802900431C3
:10054000B9F1000F20D023684746A4464FF0000AB7
:10055000B7F800B0BCF8022009FB0B2252449BB252
:1005600043EA02434CF8043B57F8043B4FEA134A72
:10057000BCF8003009FB0A3303EB1243BD424FEADB
:10058000134AE5D8019AA35004349FE7013EA1E73E
:10059000D3250108E42501082DE9F843154612F09A
:1005A000030207460E4607D0254C013A002354F8B3
:1005B0002220FFF7A7FE0646AD103DD0FC697CB9AE
:1005C0001020FFF787FD0246F86128B91D4B1E4831
:1005D00040F2B311FEF7BCFEC0E901440460C46000
:1005E000D7F81C80D8F808404CB940F27121384641
:1005F000FFF71AFF0023C8F80800044603604FF015
:100600000009EB070AD5314622463846FFF722FF9C
:10061000314680463846FFF753FE46466D100BD0F4
:10062000206838B9224621463846FFF713FF20607C
:10063000C0F800900446E4E73046BDE8F88300BF08
:1006400058260108C1240108E42501082DE9F047D6
:100650000C464968236903EB6218A3680746914674
:100660004FEA621A08F10106B3420BDB3846FFF786
:10067000E7FD054648B90246284B29484FF4EF717B
:10068000FEF766FE01315B00EEE7002300F1140186
:1006900000F110021846534533DB20692AEAEA7A52
:1006A00004F1140319F01F0901EB8A0103EB800C1C
:1006B0002BD0C9F1200E8A460022186800FA09F0F2
:1006C00010434AF8040B53F8042B9C4522FA0EF20F
:1006D000F3D8ACEB0403153B23F00303043304F11C
:1006E0001500604588BF0423CA500AB108F102060C
:1006F000013E38462E612146FFF7E2FD2846BDE85F
:10070000F08742F8040F0133C5E7043953F8042B8E
:1007100041F8042F9C45F9D8EAE700BFD32501082A
:10072000E42501080A6903460069801A30B50ED134
:100730001433143103EB820401EB820154F8045D9D
:1007400051F8042D954203D005D24FF0FF3030BD53
:10075000A342F3D3FBE70120F9E700002DE9F74FAF
:1007600089460646114648461446FFF7DBFF051E3C
:1007700012D129463046FFF763FD024628B93E4BA9
:1007800040F237213D48FEF7E3FD0123C0E904357F
:10079000104603B0BDE8F08FBCBF4B46A1463046C3
:1007A000D9F80410BABF1C4601250025FFF748FD03
:1007B000024618B9304B40F24521E3E7D9F81070F2
:1007C0002669C56009F1100309F1140504F1140E3E
:1007D00000F1140B05EB87080EEB86060193D94652
:1007E0004FF0000C019B5EF8040B53F804AF01932B
:1007F00081B21FFA8AF35B1A000C6344C0EB1A4003
:1008000000EB23409BB243EA0043764549F8043BA2
:100810004FEA204CE6D8331B153B23F00303153475
:100820000433A64238BF04231D445B441E462C46B5
:1008300044450ED308F10301491B21F00301033D98
:10084000A84538BF00210B4453F8041D91B117612E
:100850009EE754F8041BE646080C1CFA81FC714420
:1008600000EB2C4089B241EA004146F8041B4FEAF4
:10087000204CDDE7013FE7E7D3250108E425010827
:100880002DE973430121089E90469946FFF7D8FC55
:10089000044630B90246244B244840F20F31FEF79B
:1008A00057FDC9F30A55C9F313030DB143F480137F
:1008B0000193B8F1000324D068460093FFF787FD49
:1008C000DDE90012D8B1C0F1200302FA03F30B43B3
:1008D000C24063610192019BA361002B0CBF012206
:1008E00002222261ADB1A5F2334505443560C0F165
:1008F0003500099B1860204602B0BDE87083616135
:10090000E9E701A8FFF763FD019B63612030012245
:10091000E7E704EB8203A0F2324030601869FFF78A
:1009200037FDC0EB4210E4E7D3250108E4250108B8
:100930002DE9F0478E681F46BE420B6882460C4682
:1009400090462DD8B1F90C2012F4906F26D065692D
:10095000096905EB4505A3EB010905EBD5757B1C82
:100960004B446D109D4238BF1D46530527D529467F
:10097000FFF7DAFB064660B321694A46FEF7D9FC69
:10098000A38923F4906343F08003A381266165610A
:100990004E44A5EB09052660A5603E46BE4200D93F
:1009A0003E4620683246414600F08EF9A3689B1B04
:1009B000A3602368334423600020BDE8F0872A4603
:1009C00000F009FA06460028E0D121695046FFF7F9
:1009D00037FB0C23CAF80030A38943F04003A381FE
:1009E0004FF0FF30E9E700002DE9F04F98468B8982
:1009F0001B069DB007460D46144610D50B6973B90A
:100A00004021FFF791FB2860286130B90C233B603F
:100A10004FF0FF301DB0BDE8F08F40236B61002325
:100A2000099320238DF82930CDF80C803023DFF88E
:100A30009C818DF82A304FF0010923469A4613F81D
:100A4000012B0AB1252AF9D1BAEB040B0BD05B4676
:100A5000224629463846FFF76BFF013000F0A78099
:100A6000099A5A4409929AF80030002B00F09F80AE
:100A700000234FF0FF32CDE905230AF1010A049368
:100A800007938DF853301A935446052214F8011B2E
:100A90004E48EFF785FB049AD8B9D00644BF20230F
:100AA0008DF85330110744BF2B238DF853309AF83B
:100AB00000302A2B15D0079A544600204FF00A0C1C
:100AC000214611F8013B303B092B4BD9B0B10792BD
:100AD00014E0A0EB080309FA03F313430493A246BE
:100AE000D2E7039B191D1B680391002BBBBF5B4220
:100AF00042F0020207930793B8BF049223782E2B8B
:100B00000AD163782A2B32D1039B1A1D1B680392EA
:100B100043EAE37302340593DFF8B4A0217803229B
:100B20005046EFF73DFB38B1049BA0EB0A00402292
:100B3000824013430134049314F8011B25488DF8B7
:100B400028100622EFF72CFB002836D0224B1BBBC7
:100B5000039B073323F0070308330393099B3344B4
:100B600009936AE70CFB02320C460120A8E7002338
:100B70000134059319464FF00A0C204610F8012B5A
:100B8000303A092A03D9002BC6D00591C4E70CFBE3
:100B9000012104460123F0E703AB00932A460F4BE3
:100BA00004A93846FDF74EFC421C0646D6D1AB8957
:100BB0005B063FF52DAF09982CE703AB00932A465F
:100BC000064B04A93846FDF7D7FEEDE73D260108A0
:100BD000432601084726010845E4000831090108B9
:100BE0000EB403B5014603AB054853F8042B006867
:100BF000019300F053F902B05DF804EB03B07047C5
:100C00006400002070B50C46B1F90E10002996B0B2
:100C100015461E460DDAA38913F0800F4FF0000130
:100C200014BF40234FF48063002031602B6016B066
:100C300070BD6A4600F070F80028ECDB019901F401
:100C40007041A1F50053594259414FF48063EBE7DD
:100C50008B89F7B59D0706460C4607D504F1470377
:100C6000236023610123636103B0F0BD01AB6A46D9
:100C7000FFF7C8FF009F054639463046FFF754FA94
:100C800048B9B4F90C309A05EED423F0030343F0CD
:100C90000203A381E2E7A389206043F08003A381DC
:100CA000019BC4E904075BB1B4F90E10304600F0B3
:100CB00045F828B1A38923F0030343F00103A3817E
:100CC000A3891D43A581CFE7884210B501EB02043B
:100CD00002D98442234607D8431EA14208D011F806
:100CE000012B03F8012FF8E7024401468A4200D1A4
:100CF00010BD13F8014D02F8014DF7E7C9B20346E4
:100D0000184613F8012B12B18A42F9D17047002915
:100D100018BF00207047000038B5074D0023044677
:100D2000084611462B60F2F7C0F9431C02D12B682C
:100D300003B1236038BD00BFF411002038B5064D63
:100D40000023044608462B60F2F7B4F9431C02D195
:100D50002B6803B1236038BDF411002038B5064D6F
:100D60000023044608462B60F2F7A8F9431C02D181
:100D70002B6803B1236038BDF411002008B50620AC
:100D800000F0CCF90120F2F769F970B5A1FB02542B
:100D900034B92946FFF7C8F9064628B9304670BD70
:100DA0000C2202600026F9E72A462146FEF79CF94C
:100DB000F4E782B001B901A942B14BB113780B60DD
:100DC0001278101E18BF012002B070471046FBE7D2
:100DD0006FF00100F8E72DE9F041074614460D4693
:100DE00021B9BDE8F0411146FFF79EB92AB9FFF7D6
:100DF00027F925462846BDE8F08100F0ABF984428A
:100E0000064602D8B4EB500FF4D821463846FFF717
:100E10008BF9804608B94546ECE7B442224629469C
:100E200028BF3246FEF785FA29463846FFF708F90B
:100E3000F1E70346084641B1FF2A04D98A221A6025
:100E40004FF0FF3070470A70012070479368013BF4
:100E5000002B10B4936007DA9469A34201DB0A29DE
:100E600002D110BCFEF7ABB81368581C10601970A3
:100E7000084610BC7047F8B506460F461446D5180C
:100E8000AC4201D1002007E014F8011B3A4630467D
:100E9000FFF7DCFF431CF3D1F8BD00002DE9F04F54
:100EA0000D469DB014469846064618B1036A0BB924
:100EB000FDF7B4FF6B6ED90705D4AB899A0502D450
:100EC000A86DFEF734FAAB891B0701D52B699BB9D6
:100ED00029463046FEF7B2F870B16B6EDC0704D5D8
:100EE0004FF0FF301DB0BDE8F08FAB899805F7D407
:100EF000A86DFEF71DFAF3E70023099320238DF870
:100F00002930CDF80C803023DFF8AC818DF82A3001
:100F10004FF0010923469A4613F8012B0AB1252AFE
:100F2000F9D1BAEB040B0BD05B462246294630467A
:100F3000FFF7A1FF013000F0A780099A5A440992F7
:100F40009AF80030002B00F09F8000234FF0FF3212
:100F5000CDE905230AF1010A049307938DF8533074
:100F60001A935446052214F8011B5348EFF718F959
:100F7000049AD8B9D10644BF20238DF85330130703
:100F800044BF2B238DF853309AF800302A2B15D00C
:100F9000079A544600204FF00A0C214611F8013BF5
:100FA000303B092B4BD9B0B1079214E0A0EB0803FA
:100FB00009FA03F313430493A246D2E7039B191DD6
:100FC0001B680391002BBBBF5B4242F002020793F8
:100FD0000793B8BF049223782E2B0AD163782A2B6B
:100FE00032D1039B1A1D1B68039243EAE373023458
:100FF0000593DFF8C8A0217803225046EFF7D0F818
:1010000038B1049BA0EB0A00402282401343013414
:10101000049314F8011B2A488DF828100622EFF7D4
:10102000BFF800283FD0274B1BBB039B073323F09F
:10103000070308330393099B3B4409936AE70CFBBE
:1010400002320C460120A8E700230134059319461B
:101050004FF00A0C204610F8012B303A092A03D928
:10106000002BC6D00591C4E70CFB012104460123E7
:10107000F0E703AB00932A46134B04A93046FDF773
:10108000E1F90746781CD6D16B6ED90705D4AB8938
:101090009A0502D4A86DFEF74BF9AB895B063FF5C4
:1010A0001FAF09981EE703AB00932A46064B04A91D
:1010B0003046FDF761FCE4E73D26010843260108C0
:1010C0004726010845E40008770E01081F2938B5B6
:1010D00005460C4604D9162303604FF0FF3038BD97
:1010E000C26B12B152F821304BB9284600F030F8EB
:1010F000224601462846BDE8384000F017B8012BCB
:101100000AD0591C03D1162303600120E7E7002110
:1011100042F82410204698470020E0E7024B0146A1
:101120001868FFF7D3BF00BF6400002038B5074D33
:1011300000230446084611462B60F1F787FF431C45
:1011400002D12B6803B1236038BD00BFF411002029
:10115000F1F77ABF51F8043C181F002BBCBF0B58A5
:10116000C0187047F8B500BFF8BC08BC9E46704771
:10117000F8B500BFF8BC08BC9E46704700000000F0
:10118000000056656E74696C6174657572000000CC
:1011900000000000000000480100000000004C6159
:1011A0006D706500000000000000000000000000FD
:1011B00000040048000400000000506F6D706500DE
:1011C00000000000000000000000000000000048D7
:1011D00000020000412E310000000000000000006D
:1011E000020000000200000074656D706572617499
:1011F000757265000000000068756D69646974654A
:10120000000000000000000068756D536F6C000066
:1012100000000000000000006C756D6965726500DB
:101220000000000000000000440500202805002008
:101230000C050020C8040020840400204004002085
:10124000FC030020B803002012002400300000003E
:1012500006000C001000000000000000010000006B
:1012600002000000C194C10000000000B22700008D
:101270000000000050554400A0AA9900A0AA9900BF
:10128000A0AA9900FFFFFF7FFFFFFF7FFFFFFF7F07
:10129000FFFFFF7FFFFFFF7FEA51B87EFFFFFF7F69
:1012A00021DBF97EFFFFFF7FFFFFFF7FC776BE7F59
:1012B000F4285C7FFFFFFF7FEA51B87EFFFFFF7FCE
:1012C000FFFFFF7F000024F40000127A0000093DB8
:1012D0000080841EFF583E0F548C93070090D0036B
:1012E0001038EC019062F40000127A0000093D0011
:1012F00080841E0040420F0020A1070090D0030010
:1013000048E8010000010204081000008D010204F9
:1013100008102040801B360052096AD53036A538A7
:10132000BF40A39E81F3D7FB7CE339829B2FFF87CD
:10133000348E4344C4DEE9CB547B9432A6C2233DB1
:10134000EE4C950B42FAC34E082EA16628D924B262
:10135000765BA2496D8BD12572F8F6648668981683
:10136000D4A45CCC5D65B6926C704850FDEDB9DAE2
:101370005E154657A78D9D8490D8AB008CBCD30AD0
:10138000F7E45805B8B34506D02C1E8FCA3F0F02AC
:10139000C1AFBD0301138A6B3A9111414F67DCEA7B
:1013A00097F2CFCEF0B4E67396AC7422E7AD3585F4
:1013B000E2F937E81C75DF6E47F11A711D29C589FE
:1013C0006FB7620EAA18BE1BFC563E4BC6D27920E0
:1013D0009ADBC0FE78CD5AF41FDDA8338807C731E9
:1013E000B11210592780EC5F60517FA919B54A0DE1
:1013F0002DE57A9F93C99CEFA0E03B4DAE2AF5B056
:10140000C8EBBB3C83539961172B047EBA77D62671
:10141000E169146355210C7D637C777BF26B6FC5AA
:101420003001672BFED7AB76CA82C97DFA5947F0E7
:10143000ADD4A2AF9CA472C0B7FD9326363FF7CCC3
:1014400034A5E5F171D8311504C723C31896059A60
:10145000071280E2EB27B27509832C1A1B6E5AA083
:10146000523BD6B329E32F8453D100ED20FCB15B6E
:101470006ACBBE394A4C58CFD0EFAAFB434D3385D7
:1014800045F9027F503C9FA851A3408F929D38F5AB
:10149000BCB6DA2110FFF3D2CD0C13EC5F974417E2
:1014A000C4A77E3D645D197360814FDC222A908859
:1014B00046EEB814DE5E0BDBE0323A0A4906245CE5
:1014C000C2D3AC629195E479E7C8376D8DD54EA94A
:1014D0006C56F4EA657AAE08BA78252E1CA6B4C616
:1014E000E8DD741F4BBD8B8A703EB5664803F60E6F
:1014F000613557B986C11D9EE1F8981169D98E945E
:101500009B1E87E9CE5528DF8CA1890DBFE6426876
:1015100041992D0FB054BB1601220008ED2100089F
:10152000D5210008F5210008D1210008D3210008A9
:10153000256473253033643A0000000044C3A96376
:101540006C656E6368656D656E7420647520746982
:101550006D65722064752067617A200A0D000000B5
:10156000564444413D2025640D0A000068756D69AC
:10157000646974C3A9202564207268200A0D0000E4
:101580000000000067617A202564206B4F686D734E
:101590000A0D000074656D70657261747572652066
:1015A000256420C2B0430A0D000000006C756D690F
:1015B000C3A8726520656E202564206C75780A0DBD
:1015C0000000000068756D69646974C3A9206475C2
:1015D00020736F6C20202564200A0D00424D453693
:1015E000383020696E697469616C697A656420734A
:1015F00075636365737366756C6C790A0D00000022
:10160000424D4536383020696E697469616C697A7B
:101610006174696F6E206661696C65640A0D000013
:101620004661696C656420746F207365742073650E
:101630006E736F722073657474696E67730A0D0040
:1016400044C3A974656374656D656E742064652018
:1016500064C3A970617373656D656E7420646520E1
:10166000736575696C20706F7572206C652063619D
:1016700070746575722064752067617A200A0D00A8
:1016800056656E74696C6174657572004C616D703D
:1016900065000000506F6D706500000025732042EA
:1016A00061747465727920766F6C7461676520640B
:1016B000726F703A202564206D5620284265666F4F
:1016C00072653A202564206D562C2041667465723F
:1016D0003A202564206D56290A0D0000252E326619
:1016E00000000000252E336600000000252E346621
:1016F00000000000252E3666000000004F6E527874
:101700004572726F720A0D004F6E527854696D65A2
:101710006F75740A0D0000004F6E547854696D6542
:101720006F75740A0D0000004F6E5478446F6E653B
:101730000A0D000044C3A9636C656E6368656D653E
:101740006E742064752074696D6572206465732001
:10175000616374696F6E6E65757273200A0D0000A7
:1017600044C3A9636C656E6368656D656E742064BF
:10177000752074696D65722064657320636170748F
:1017800065757273200A0D004F6E5278446F6E6556
:101790000A0D00005273736956616C75653D2564CE
:1017A0002064426D2C20536E7256616C75653D2528
:1017B0006464420A0D0000000A0D50494E47205053
:1017C0004F4E470A0D0000004150504C49434154D0
:1017D000494F4E5F56455253494F4E3A2056255871
:1017E0002E25582E25580D0A000000004D575F5237
:1017F0004144494F5F56455253494F4E3A202020AD
:10180000205625582E25582E25580D0A0000000078
:101810002D2D2D2D2D2D2D2D2D2D2D2D2D2D2D0A1B
:101820000D0000004C4F52415F4D4F44554C415408
:10183000494F4E0A0D0000004C4F52415F42573D48
:101840002564206B487A0A0D000000004C4F52417D
:101850005F53463D25640A0D0000000072616E640E
:101860003D25640A0D000000503D252E3466573B8F
:10187000453D252E36664A3B5644726F703D2564C1
:101880006D563B00456E65726779206D65747269AF
:101890007820666F722054583A2020503D252E340F
:1018A00066572C20453D252E36664A2C42617474BD
:1018B00065727920566F6C746167652044726F7031
:1018C0003D25646D560A0D0033433B0033463B0013
:1018D00025733B25643B000025733A25643A256453
:1018E0003A25643B0000000025733A25643A2564DC
:1018F0003B000000256C753B000000003B00000031
:10190000436F6D6D616E64652069676E6F72C3A908
:10191000652C20636F64446576696365206E65207D
:10192000636F72726573706F6E64207061730A0DFD
:101930000000000033440000417070617265696C02
:10194000206D697320C3A0206A6F75723A205053CE
:101950003D25642C2050413D25640A0D0000000007
:1019600025733B417070617265696C2065737420EA
:101970006D69732061206A6F75723B0041637475F5
:1019800061746F7254696D65722064C3A973616379
:10199000746976C3A920285041203D3D2050532929
:1019A0000A0D00004163747561746F7254696D654E
:1019B00072206163746976C3A920617665632050E3
:1019C000413D25640A0D000053656E736F725469C2
:1019D0006D65722064C3A96D617272C3A9206176BE
:1019E00065632050533D25640A0D00003345000017
:1019F00054696D655374616D702073796E6368729C
:101A00006F6E6973C3A90A005B4552524555525D1A
:101A10002074696D657374616D70206D616E717590
:101A2000616E742064616E73206C61207472616DEC
:101A3000652033450A0000003353000074656D7063
:101A4000657261747572650068756D696469746545
:101A50000000000043617074657572202573206D6D
:101A6000697320C3A0206A6F75720A0D0000000020
:101A700025733B436170746575722025732065730F
:101A800074206D69732061206A6F75723B000000DD
:101A900043617074657572202573206E6F6E2074BB
:101AA000726F7576C3A90A0D0000000025733B43D1
:101AB000617074657572202573206E6F6E2074726C
:101AC0006F7576653B00000033460000334300002D
:101AD00025733B25733A25643A25643B00000000DA
:101AE000416374696F6E6E6575722025732065732E
:101AF0007420656E206D6172636865200A0D0000B8
:101B0000416374696F6E6E6575722025732065730D
:101B10007420617272657465200A0D0041637469F6
:101B20006F6E6E657572206465207479706520250E
:101B30007320657374206E6F6E2074726F7576C338
:101B4000A9200A0D000000003341000041637469C0
:101B50006F6E6E657572206E6F6E2074726F757623
:101B6000C3A93A2025735B25645D0A0D00000000BF
:101B700025733B416374696F6E6E657572202573C2
:101B8000206E6F6E2074726F7576653B00000000EA
:101B900043617074657572206E6F6E2074726F751C
:101BA00076C3A93A2025735B25645D0A0D00000009
:101BB00025733B43617074657572206E6F6E20747F
:101BC000726F7576653A2025733B0000436170742F
:101BD0006575722064C3A96A61206173736F63695C
:101BE000C3A9203A2025735B25645D0A0D0000001F
:101BF000416374696F6E6E65757220257320617321
:101C0000736F6369C3A920C3A02063617074657595
:101C1000722025735B25645D0A0D000041637469C1
:101C20006F6E6E65757220257320646973736F63C0
:101C300069C3A9206465206361707465757220258D
:101C4000735B25645D0A0D0025733B416374696F06
:101C50006E6E65757220257320657374206D6973CF
:101C60002061206A6F75723B000000005479706536
:101C700020646520636F6D6D616E646520696E63BD
:101C80006F6E6E75203A2025730A0D0025733B4355
:101C90006F6D6D616E646520696E636F6E6E753B0E
:101CA000000000002530386C5800000044C3A970C3
:101CB000617373656D656E7420642765737061630D
:101CC0006520706F7572206C65206275666665723E
:101CD000200A0D007061796C6F61642E2073697A3F
:101CE00065203D202564200A0D000000446F6E6EC3
:101CF000C3A96573207265C3A7756573203A202553
:101D000073200A0D0000000044C3A9636869666679
:101D100072656D656E742F62617365363420C3A978
:101D200063686F75C3A90A0D000000005061796CEB
:101D30006F61642064C3A9636869666672C3A92081
:101D40003A2025730D0A000043524320696E7661E4
:101D50006C6964652E2043616C63756CC3A93A207D
:101D6000253038582C205265C3A7753A20253038C5
:101D7000580D0A004352432056414C494445203AED
:101D800020253038580D0A0033453B0041434B3B7A
:101D9000000000005B41434B5D205265C3A7752ED8
:101DA000204578C3A9637574696F6E206465206CE3
:101DB0006120636F6D6D616E64652073617576651A
:101DC00067617264C3A9652E0A0D00004346733B28
:101DD00025733B005B41434B5D20456E766F692068
:101DE000646520434673203A2025730A0D000000E5
:101DF0005241434B3B25733B000000005B41434B8A
:101E00005D20456E766F69206465205241434B3AF0
:101E10002025730A0D000000525800005258203B44
:101E20004455523A252E32666D733B503A252E3476
:101E300066573B453A252E36664A3B0053656E642D
:101E4000696E6720525820656E6572677920696EE9
:101E5000666F3A2025730A0D000000006C6520743F
:101E6000656D707320656E2068657572652C6D698F
:101E70006E2065742073656320253032643A253006
:101E800032643A253032640A0D00000033453B25A8
:101E9000733B25643B256C753B000000F09F93A4C9
:101EA00020446F6E6EC3A96573206176616E7420E5
:101EB000636869666672656D656E74203A20257385
:101EC0000A0D0000436F6D6D616E646520646520CE
:101ED00073796E6368726F6E69736174696F6E2077
:101EE000642768657572652065737420656E766F0A
:101EF0007965720A0D0000002025730A0D000000AC
:101F000054782073746172742063617074657572A3
:101F1000730A0D00F09F93A420446F6E6EC3A965F1
:101F2000732064617461206176616E7420636869F6
:101F3000666672656D656E74203A2025730A0D0021
:101F4000436F6E74656E752073656E736F72206477
:101F500061746120C3A020656E766F796572203A46
:101F60002025730A0D000000436F6E74656E7520A6
:101F7000C3A020656E766F796572203A2025730ABA
:101F80000D000000436F6E74656E75206465206CF3
:101F90006120636F6D6D616E646520334620C3A060
:101FA00020656E766F796572203A2025730A0D00E0
:101FB000436F6E74656E75206465206C6120636F7D
:101FC0006D6D616E646520334320C3A020656E761D
:101FD0006F796572203A2025730A0D0052782073BC
:101FE000746172740A0D00004D617374657220543F
:101FF00078207374617274206572726F7220656EDE
:10200000636F756E74726564200A0D0045727265A7
:102010007572000052656E766F6920646573206486
:102020006F6E6EC3A96573200A0D00004952515F9F
:1020300052585F54585F54494D454F55540D0A004E
:10204000505245204F4B0D0A0000000053594E439B
:10205000204F4B0D0A000000484452204F4B0D0A00
:1020600000000000484452204B4F0D0A00000000C1
:102070004952515F4352435F4552524F520D0A003D
:10208000526164696F53656E64204F76657273693F
:102090007A650D0A000000003031323334353637AE
:1020A00038396162636465666768696A6B6C6D6E16
:1020B0006F707172737475767778797A00000000AA
:1020C000303132333435363738394142434445466E
:1020D0004748494A4B4C4D4E4F5051525354555618
:1020E0005758595A000000003C4E554C4C3E0000D9
:1020F00042483137353020696E697469616C697A9C
:102100006564207375636365737366756C6C790AB7
:102110000D00000045320008053300085932000860
:1021200015330008CD320008FD3100080000000022
:102130006D320008C131000805310008293100085E
:102140003531000859310008813100088531000817
:1021500099310008FD340008253500086535000870
:102160005135000831323334353637383930616211
:1021700063646566A0860100400D0300801A0600B6
:1021800000350C0040420F0080841E0000093D0015
:1021900000127A000024F40000366E010048E801C5
:1021A000006CDC02000000000000000000000000E5
:1021B000000000000000000000000000000000001F
:1021C0000000000001000000020000000300000009
:1021D00004000000010000000300000005000000F2
:1021E0000100000001000000060000000A000000DD
:1021F00020000000020000000400000008000000B1
:1022000010000000400000008000000000010000FD
:1022100000020000010002000400060008000A009D
:102220000C0010002000400080000001080402049F
:102230000801010101010103070100000405060076
:1022400089B60008C7A4000819AB0008ADA80008AB
:102250000DB6000805AB000811B3000865B1000811
:10226000E3A000080DA2000861A900084DA900081C
:10227000BDA40008DDA80008B5A8000869A80008EA
:102280005FA80008C5A30008BDA3000857A8000860
:102290004FA8000885A3000821B1000845A8000840
:1022A000E9A400084DA4000819A40008EDA3000843
:1022B000CDA30008A1AE000895AB000819C4000822
:1022C0001FC400087BA300087FA30008C012000001
:1022D0001F000000A816000017000000841C00006A
:1022E0000F000000E42500001E000000B42D0000D7
:1022F00016000000083900000E0000002C4C000001
:102300001D000000685B00001500000074720000F2
:102310000D000000589800001C00000034B70000B9
:1023200014000000E8E400000C0000007831010017
:102330001B000000686E01001300000034CA010099
:102340000B000000286202001A00000040DB0200BF
:10235000120000003C9303000A000000C0C2040009
:102360001900000060B305001100000038200700CC
:102370000900000020A10700000000000403020281
:1023800001010101000000000000000000202020E9
:102390002020202020202828282828202020202015
:1023A00020202020202020202020202020881010E5
:1023B0001010101010101010101010101004040441
:1023C00004040404040404101010101010104141FF
:1023D00041414141010101010101010101010101ED
:1023E0000101010101010101101010101010424201
:1023F00042424242020202020202020202020202BD
:10240000020202020202020210101010200000005C
:1024100000000000000000000000000000000000BC
:1024200000000000000000000000000000000000AC
:10243000000000000000000000000000000000009C
:10244000000000000000000000000000000000008C
:10245000000000000000000000000000000000007C
:10246000000000000000000000000000000000006C
:10247000000000000000000000000000000000005C
:1024800000000000000000000000000000494E466F
:1024900000696E66004E414E006E616E0030003085
:1024A00031323334353637383941424344454600BA
:1024B00030313233343536373839616263646566BA
:1024C000005245454E54206D616C6C6F63207375EE
:1024D00063636565646564002F6275696C642F676A
:1024E0006E752D746F6F6C732D666F722D73746DB6
:1024F00033325F31332E332E72656C312E323032EF
:1025000034303932362D313731352F7372632F6EB7
:1025100065776C69622F6E65776C69622F6C696292
:10252000632F737472696E672F737472746F6B2E7E
:1025300063002C2066756E6374696F6E3A200061CB
:102540007373657274696F6E202225732220666131
:10255000696C65643A2066696C6520222573222CBB
:10256000206C696E65202564257325730A00496E09
:1025700066696E697479004E614E002F6275696CF0
:10258000642F676E752D746F6F6C732D666F722D6F
:1025900073746D33325F31332E332E72656C312E8E
:1025A00032303234303932362D313731352F737283
:1025B000632F6E65776C69622F6E65776C69622F29
:1025C0006C6962632F7374646C69622F64746F61E9
:1025D0002E630042616C6C6F632073756363656585
:1025E000646564002F6275696C642F676E752D7465
:1025F0006F6F6C732D666F722D73746D33325F3134
:10260000332E332E72656C312E3230323430393203
:10261000362D313731352F7372632F6E65776C69C4
:10262000622F6E65776C69622F6C6962632F7374B9
:10263000646C69622F6D707265632E6300232D30A8
:102640002B2000686C4C00656667454647004300D8
:10265000504F534958002E0005000000190000009B
:102660007D000000000000000080E03779C3414396
:10267000176E05B5B5B89346F5F93FE9034F384DE8
:10268000321D30F94877825A3CBF737FDD4F157594
:10269000000000000000F03F0000000000002440A7
:1026A00000000000000059400000000000408F4082
:1026B000000000000088C34000000000006AF840ED
:1026C0000000000080842E4100000000D012634111
:1026D0000000000084D797410000000065CDCD4187
:1026E000000000205FA00242000000E87648374268
:1026F000000000A2941A6D42000040E59C30A24206
:102700000000901EC4BCD64200003426F56B0C437A
:102710000080E03779C3414300A0D8855734764321
:1027200000C84E676DC1AB43003D9160E458E14382
:10273000408CB5781DAF154450EFE2D6E41A4B44F7
:1027400092D54D06CFF08044F64AE1C7022DB5443C
:08275000B49DD9794378EA44F5
:0827580028DAFE7F01000000F9
:08276000650100080000000003
:0827680041010008000000001F
:102770004142434445464748494A4B4C4D4E4F50D1
:102780005152535455565758595A6162636465669D
:102790006768696A6B6C6D6E6F7071727374757651
:1027A0007778797A303132333435363738392B2FE0
:1027B0000001030000093D0010000000FF000000C0
:1027C000FFFFFFFFFFFFFFFF00000000030000000E
:1027D000B81000206800002000000000B8100020A1
:1027E00020110020881100200000000000000000DF
:1027F00000000000000000000000000000000000D9
:1028000000000000000000000000000000000000C8
:1028100000000000000000000000000000000000B8
:102820000000000043000000000000000000000065
:102830000000000000000000000000000000000098
:102840000000000043000000000000000000000045
:102850000000000000000000000000000000000078
:102860000000000043000000000000000000000025
:102870000000000000000000000000000000000058
:102880000000000043000000000000000000000005
:102890000000000000000000000000000000000038
:1028A00000000000430000000000000000000000E5
:1028B0000000000000000000000000000000000018
:1028C00000000000430000000000000000000000C5
:1028D00000000000000000000000000000000000F8
:1028E00000000000430000000000000000000000A5
:1028F00000000000000000000000000000000000D8
:1029000000000000330E0108B30D010800000000B4
:102910008C230108562601086D2501086D25010844
:102920006D2501086D2501086D2501086D2501083B
:102930006D2501086D2501086D250108FFFFFFFFCA
:10294000FFFFFFFFFFFFFFFFFFFF000001004153FC
:1029500043494900000000000000000000000000A2
:1029600000000000000000000000000000004153D3
:102970004349490000000000000000000000000082
:102980000000000000000000000000000000000047
:040000050800364178
:00000001FF
